experiment,method,seed,d,n,n_over_d,sigma_type,alpha,mu_direction,mu_norm_l2,mu_norm_sigma,mu_norm_sigma_inv,trace_sigma,sigma_op_norm,sigma_fro_norm,M_trace,M_mu,T,step,alignment_to_wstar,alignment_to_ls,alignment_to_svm,loss_value,min_margin,svm_primal_violation,svm_dual_feasibility_min_alpha,svm_kkt_complementarity,svm_primal_dual_gap,support_vector_fraction,solver_status,lambda_signal,lambda_bulk,bulk_rank,bulk_random_fraction,A_svm_wstar,A_ls_wstar,A_svm_ls,gram_condition_number,r_min,prop41_condition_empirical,solver_nit,solver_success,active_set_polished,active_set_polish_iterations,paired_seed
exact_mu_eigendirection_ablation,svm,3700000,20000,100,0.005,polynomial,0.8,largest_eigenvector,6.293961408377439,6.293961408377439,6.293961408377439,31.801625961697173,1.0,1.5104264910950733,0.0235452012780011,6.293961408377439,38.61688021465653,NA,0.99541248699065,0.9759241246328709,NA,NA,0.9999999999999998,2.220446049250313e-16,0.0,2.491666312931624e-18,0.0,0.12,lbfgsb:0:CONVERGENCE: REL_REDUCTION_OF_F_<=_FACTR*EPSMCH|active_set_polished,NA,NA,0,NA,0.99541248699065,0.9607645408208763,0.9759241246328709,194.61190511806905,-0.010254807392409778,False,28,True,True,1,3700000
exact_mu_eigendirection_ablation,svm,3700001,20000,100,0.005,polynomial,0.8,largest_eigenvector,6.293961408377439,6.293961408377439,6.293961408377439,31.801625961697173,1.0,1.5104264910950733,0.0235452012780011,6.293961408377439,38.61688021465653,NA,0.9977642260286841,0.9786979794888153,NA,NA,0.9999999999999998,2.220446049250313e-16,0.0,1.7769629345836422e-18,0.0,0.16,lbfgsb:0:CONVERGENCE: REL_REDUCTION_OF_F_<=_FACTR*EPSMCH|active_set_polished,NA,NA,0,NA,0.9977642260286841,0.970452964175173,0.9786979794888153,205.28550810875143,-0.012690672596283481,False,28,True,True,1,3700001
exact_mu_eigendirection_ablation,svm,3700002,20000,100,0.005,polynomial,0.8,largest_eigenvector,6.293961408377439,6.293961408377439,6.293961408377439,31.801625961697173,1.0,1.5104264910950733,0.0235452012780011,6.293961408377439,38.61688021465653,NA,0.9949708865459992,0.9765801781612067,NA,NA,0.9999999999999998,2.220446049250313e-16,0.0,2.9905859798459566e-18,-1.3877787807814457e-17,0.15,lbfgsb:0:CONVERGENCE: REL_REDUCTION_OF_F_<=_FACTR*EPSMCH|active_set_polished,NA,NA,0,NA,0.9949708865459992,0.9597353896490491,0.9765801781612067,196.8705933009511,-0.01307724774370575,False,26,True,True,1,3700002
exact_mu_eigendirection_ablation,svm,3700003,20000,100,0.005,polynomial,0.8,largest_eigenvector,6.293961408377439,6.293961408377439,6.293961408377439,31.801625961697173,1.0,1.5104264910950733,0.0235452012780011,6.293961408377439,38.61688021465653,NA,0.997568596279337,0.9793178518263294,NA,NA,0.9999999999999998,2.220446049250313e-16,0.0,7.029541248221472e-19,0.0,0.16,lbfgsb:0:CONVERGENCE: REL_REDUCTION_OF_F_<=_FACTR*EPSMCH|active_set_polished,NA,NA,0,NA,0.997568596279337,0.9732007934381551,0.9793178518263294,204.97180235707904,-0.014049250498318172,False,29,True,True,1,3700003
exact_mu_eigendirection_ablation,svm,3700004,20000,100,0.005,polynomial,0.8,largest_eigenvector,6.293961408377439,6.293961408377439,6.293961408377439,31.801625961697173,1.0,1.5104264910950733,0.0235452012780011,6.293961408377439,38.61688021465653,NA,0.9984268494516189,0.9771429894433583,NA,NA,0.9999999999999999,1.1102230246251565e-16,0.0,8.349410771863122e-19,-1.3877787807814457e-17,0.15,lbfgsb:0:CONVERGENCE: REL_REDUCTION_OF_F_<=_FACTR*EPSMCH|active_set_polished,NA,NA,0,NA,0.9984268494516189,0.9725204650644572,0.9771429894433583,196.9858340055316,-0.013561123730807246,False,30,True,True,1,3700004
exact_mu_eigendirection_ablation,svm,3700005,20000,100,0.005,polynomial,0.8,largest_eigenvector,6.293961408377439,6.293961408377439,6.293961408377439,31.801625961697173,1.0,1.5104264910950733,0.0235452012780011,6.293961408377439,38.61688021465653,NA,0.9849898539634998,0.9761313724830095,NA,NA,0.9999999999999999,1.1102230246251565e-16,0.0,9.152479389613488e-19,0.0,0.13,lbfgsb:0:CONVERGENCE: REL_REDUCTION_OF_F_<=_FACTR*EPSMCH|active_set_polished,NA,NA,0,NA,0.9849898539634998,0.9533887978285999,0.9761313724830095,195.7086300086829,-0.015183987246225718,False,33,True,True,1,3700005
exact_mu_eigendirection_ablation,svm,3700006,20000,100,0.005,polynomial,0.8,largest_eigenvector,6.293961408377439,6.293961408377439,6.293961408377439,31.801625961697173,1.0,1.5104264910950733,0.0235452012780011,6.293961408377439,38.61688021465653,NA,0.9983490497752135,0.9820891589332393,NA,NA,1.0,0.0,0.0,4.1728099445026334e-18,1.3877787807814457e-17,0.14,lbfgsb:0:CONVERGENCE: REL_REDUCTION_OF_F_<=_FACTR*EPSMCH|active_set_polished,NA,NA,0,NA,0.9983490497752135,0.9798267343225912,0.9820891589332393,189.9679668600976,-0.015057922943883632,False,27,True,True,1,3700006
exact_mu_eigendirection_ablation,svm,3700007,20000,100,0.005,polynomial,0.8,largest_eigenvector,6.293961408377439,6.293961408377439,6.293961408377439,31.801625961697173,1.0,1.5104264910950733,0.0235452012780011,6.293961408377439,38.61688021465653,NA,0.9972151604786758,0.9805602950325344,NA,NA,0.9999999999999999,1.1102230246251565e-16,0.0,3.52016209992987e-18,-2.7755575615628914e-17,0.14,lbfgsb:0:CONVERGENCE: REL_REDUCTION_OF_F_<=_FACTR*EPSMCH|active_set_polished,NA,NA,0,NA,0.9972151604786758,0.9744388412227853,0.9805602950325344,194.4023595054239,-0.012723628174796263,False,20,True,True,1,3700007
exact_mu_eigendirection_ablation,svm,3700008,20000,100,0.005,polynomial,0.8,largest_eigenvector,6.293961408377439,6.293961408377439,6.293961408377439,31.801625961697173,1.0,1.5104264910950733,0.0235452012780011,6.293961408377439,38.61688021465653,NA,0.997860604550744,0.9803631097475676,NA,NA,0.9999999999999998,2.220446049250313e-16,0.0,1.4241527178199114e-18,-1.3877787807814457e-17,0.18,lbfgsb:0:CONVERGENCE: REL_REDUCTION_OF_F_<=_FACTR*EPSMCH|active_set_polished,NA,NA,0,NA,0.997860604550744,0.9709429052402918,0.9803631097475676,200.6811280042872,-0.010177777085411658,False,29,True,True,1,3700008
exact_mu_eigendirection_ablation,svm,3700009,20000,100,0.005,polynomial,0.8,largest_eigenvector,6.293961408377439,6.293961408377439,6.293961408377439,31.801625961697173,1.0,1.5104264910950733,0.0235452012780011,6.293961408377439,38.61688021465653,NA,0.9982820890939857,0.9795856355324571,NA,NA,0.9999999999999997,3.3306690738754696e-16,0.0,1.4742942858705841e-18,-1.3877787807814457e-17,0.17,lbfgsb:0:CONVERGENCE: REL_REDUCTION_OF_F_<=_FACTR*EPSMCH|active_set_polished,NA,NA,0,NA,0.9982820890939857,0.9734345382923894,0.9795856355324571,203.96600576542906,-0.01315077336036719,False,30,True,True,1,3700009
exact_mu_eigendirection_ablation,svm,3700010,20000,100,0.005,polynomial,0.8,largest_eigenvector,6.293961408377439,6.293961408377439,6.293961408377439,31.801625961697173,1.0,1.5104264910950733,0.0235452012780011,6.293961408377439,38.61688021465653,NA,0.9942476908700056,0.9786931424505165,NA,NA,0.9999999999999998,2.220446049250313e-16,0.0,5.39716141240947e-18,0.0,0.11,lbfgsb:0:CONVERGENCE: REL_REDUCTION_OF_F_<=_FACTR*EPSMCH|active_set_polished,NA,NA,0,NA,0.9942476908700056,0.9721458366752771,0.9786931424505165,203.8185892553658,-0.013291892516237734,False,29,True,True,1,3700010
exact_mu_eigendirection_ablation,svm,3700011,20000,100,0.005,polynomial,0.8,largest_eigenvector,6.293961408377439,6.293961408377439,6.293961408377439,31.801625961697173,1.0,1.5104264910950733,0.0235452012780011,6.293961408377439,38.61688021465653,NA,0.9968261542130503,0.9780189094395512,NA,NA,0.9999999999999998,2.220446049250313e-16,0.0,3.3266756709451434e-18,0.0,0.12,lbfgsb:0:CONVERGENCE: REL_REDUCTION_OF_F_<=_FACTR*EPSMCH|active_set_polished,NA,NA,0,NA,0.9968261542130503,0.9692643358877014,0.9780189094395512,199.11081203706524,-0.011578713770022382,False,28,True,True,1,3700011
exact_mu_eigendirection_ablation,svm,3700012,20000,100,0.005,polynomial,0.8,largest_eigenvector,6.293961408377439,6.293961408377439,6.293961408377439,31.801625961697173,1.0,1.5104264910950733,0.0235452012780011,6.293961408377439,38.61688021465653,NA,0.9968469430131135,0.9735241732474001,NA,NA,0.9999999999999999,1.1102230246251565e-16,0.0,2.6031964293260127e-18,1.3877787807814457e-17,0.14,lbfgsb:0:CONVERGENCE: REL_REDUCTION_OF_F_<=_FACTR*EPSMCH|active_set_polished,NA,NA,0,NA,0.9968469430131135,0.9619984325543458,0.9735241732474001,198.245205326017,-0.012086750875162528,False,22,True,True,1,3700012
exact_mu_eigendirection_ablation,svm,3700013,20000,100,0.005,polynomial,0.8,largest_eigenvector,6.293961408377439,6.293961408377439,6.293961408377439,31.801625961697173,1.0,1.5104264910950733,0.0235452012780011,6.293961408377439,38.61688021465653,NA,0.9972336342069819,0.9717331192575621,NA,NA,0.9999999999999998,2.220446049250313e-16,0.0,2.4407986668917268e-18,0.0,0.17,lbfgsb:0:CONVERGENCE: REL_REDUCTION_OF_F_<=_FACTR*EPSMCH|active_set_polished,NA,NA,0,NA,0.9972336342069819,0.9597781013886112,0.9717331192575621,190.61076799650388,-0.011265323476647252,False,27,True,True,1,3700013
exact_mu_eigendirection_ablation,svm,3700014,20000,100,0.005,polynomial,0.8,largest_eigenvector,6.293961408377439,6.293961408377439,6.293961408377439,31.801625961697173,1.0,1.5104264910950733,0.0235452012780011,6.293961408377439,38.61688021465653,NA,0.9975685923779068,0.9733660586951542,NA,NA,0.9999999999999998,2.220446049250313e-16,0.0,2.4444574833194587e-18,0.0,0.12,lbfgsb:0:CONVERGENCE: REL_REDUCTION_OF_F_<=_FACTR*EPSMCH|active_set_polished,NA,NA,0,NA,0.9975685923779068,0.9632273613964716,0.9733660586951542,205.18611541168733,-0.013538564293028256,False,20,True,True,1,3700014
exact_mu_eigendirection_ablation,svm,3700015,20000,100,0.005,polynomial,0.8,largest_eigenvector,6.293961408377439,6.293961408377439,6.293961408377439,31.801625961697173,1.0,1.5104264910950733,0.0235452012780011,6.293961408377439,38.61688021465653,NA,0.995418361751453,0.9817298210775787,NA,NA,0.9999999999999998,2.220446049250313e-16,0.0,3.45272296594971e-18,-1.3877787807814457e-17,0.14,lbfgsb:0:CONVERGENCE: REL_REDUCTION_OF_F_<=_FACTR*EPSMCH|active_set_polished,NA,NA,0,NA,0.995418361751453,0.9757734579349601,0.9817298210775787,189.89717004320565,-0.01590375420882996,False,22,True,True,1,3700015
exact_mu_eigendirection_ablation,svm,3700016,20000,100,0.005,polynomial,0.8,largest_eigenvector,6.293961408377439,6.293961408377439,6.293961408377439,31.801625961697173,1.0,1.5104264910950733,0.0235452012780011,6.293961408377439,38.61688021465653,NA,0.9973941200580791,0.976422832861664,NA,NA,0.9999999999999999,1.1102230246251565e-16,0.0,5.554008733975001e-19,0.0,0.17,lbfgsb:0:CONVERGENCE: REL_REDUCTION_OF_F_<=_FACTR*EPSMCH|active_set_polished,NA,NA,0,NA,0.9973941200580791,0.9683165096172253,0.976422832861664,214.24423599255994,-0.015419641349849585,False,38,True,True,1,3700016
exact_mu_eigendirection_ablation,svm,3700017,20000,100,0.005,polynomial,0.8,largest_eigenvector,6.293961408377439,6.293961408377439,6.293961408377439,31.801625961697173,1.0,1.5104264910950733,0.0235452012780011,6.293961408377439,38.61688021465653,NA,0.995794506289817,0.9750957313130606,NA,NA,0.9999999999999998,2.220446049250313e-16,0.0,4.186665143245067e-18,1.3877787807814457e-17,0.12,lbfgsb:0:CONVERGENCE: REL_REDUCTION_OF_F_<=_FACTR*EPSMCH|active_set_polished,NA,NA,0,NA,0.995794506289817,0.9611483947661303,0.9750957313130606,197.519543500696,-0.01521497518138863,False,35,True,True,1,3700017
exact_mu_eigendirection_ablation,svm,3700018,20000,100,0.005,polynomial,0.8,largest_eigenvector,6.293961408377439,6.293961408377439,6.293961408377439,31.801625961697173,1.0,1.5104264910950733,0.0235452012780011,6.293961408377439,38.61688021465653,NA,0.9979134048781888,0.9723680644572443,NA,NA,0.9999999999999998,2.220446049250313e-16,0.0,3.598266646687115e-18,0.0,0.15,lbfgsb:0:CONVERGENCE: REL_REDUCTION_OF_F_<=_FACTR*EPSMCH|active_set_polished,NA,NA,0,NA,0.9979134048781888,0.9654409282314975,0.9723680644572443,196.63257632161907,-0.013665227922142448,False,28,True,True,1,3700018
exact_mu_eigendirection_ablation,svm,3700019,20000,100,0.005,polynomial,0.8,largest_eigenvector,6.293961408377439,6.293961408377439,6.293961408377439,31.801625961697173,1.0,1.5104264910950733,0.0235452012780011,6.293961408377439,38.61688021465653,NA,0.9915089863471104,0.981075925244727,NA,NA,0.9999999999999998,2.220446049250313e-16,0.0,1.431255893659399e-18,1.3877787807814457e-17,0.15,lbfgsb:0:CONVERGENCE: REL_REDUCTION_OF_F_<=_FACTR*EPSMCH|active_set_polished,NA,NA,0,NA,0.9915089863471104,0.9670372192442035,0.981075925244727,195.57683169422327,-0.010719690203849403,False,22,True,True,1,3700019
exact_mu_eigendirection_ablation,svm,3700020,20000,100,0.005,polynomial,0.8,largest_eigenvector,6.293961408377439,6.293961408377439,6.293961408377439,31.801625961697173,1.0,1.5104264910950733,0.0235452012780011,6.293961408377439,38.61688021465653,NA,0.9968054597045765,0.973538624605957,NA,NA,0.9999999999999999,1.1102230246251565e-16,0.0,2.1279206011156512e-18,0.0,0.15,lbfgsb:0:CONVERGENCE: REL_REDUCTION_OF_F_<=_FACTR*EPSMCH|active_set_polished,NA,NA,0,NA,0.9968054597045765,0.9626609830562688,0.973538624605957,200.51909524932512,-0.012396111280113831,False,36,True,True,1,3700020
exact_mu_eigendirection_ablation,svm,3700021,20000,100,0.005,polynomial,0.8,largest_eigenvector,6.293961408377439,6.293961408377439,6.293961408377439,31.801625961697173,1.0,1.5104264910950733,0.0235452012780011,6.293961408377439,38.61688021465653,NA,0.9975245497960259,0.9778176103013297,NA,NA,0.9999999999999998,2.220446049250313e-16,0.0,1.7821051749169036e-18,-1.3877787807814457e-17,0.14,lbfgsb:0:CONVERGENCE: REL_REDUCTION_OF_F_<=_FACTR*EPSMCH|active_set_polished,NA,NA,0,NA,0.9975245497960259,0.9701475161493851,0.9778176103013297,205.89506723329833,-0.010731606523440183,False,26,True,True,1,3700021
exact_mu_eigendirection_ablation,svm,3700022,20000,100,0.005,polynomial,0.8,largest_eigenvector,6.293961408377439,6.293961408377439,6.293961408377439,31.801625961697173,1.0,1.5104264910950733,0.0235452012780011,6.293961408377439,38.61688021465653,NA,0.9964587474985225,0.9771745145718582,NA,NA,0.9999999999999998,2.220446049250313e-16,0.0,2.2272888474062845e-18,-1.3877787807814457e-17,0.16,lbfgsb:0:CONVERGENCE: REL_REDUCTION_OF_F_<=_FACTR*EPSMCH|active_set_polished,NA,NA,0,NA,0.9964587474985225,0.9738079381144661,0.9771745145718582,203.7399582596316,-0.011364150179823961,False,21,True,True,1,3700022
exact_mu_eigendirection_ablation,svm,3700023,20000,100,0.005,polynomial,0.8,largest_eigenvector,6.293961408377439,6.293961408377439,6.293961408377439,31.801625961697173,1.0,1.5104264910950733,0.0235452012780011,6.293961408377439,38.61688021465653,NA,0.9958454601439618,0.9717791107025523,NA,NA,0.9999999999999999,1.1102230246251565e-16,0.0,1.1437408523648649e-18,0.0,0.12,lbfgsb:0:CONVERGENCE: REL_REDUCTION_OF_F_<=_FACTR*EPSMCH|active_set_polished,NA,NA,0,NA,0.9958454601439618,0.9593584319275112,0.9717791107025523,203.97281867268578,-0.013197929935176362,False,36,True,True,1,3700023
exact_mu_eigendirection_ablation,svm,3700024,20000,100,0.005,polynomial,0.8,largest_eigenvector,6.293961408377439,6.293961408377439,6.293961408377439,31.801625961697173,1.0,1.5104264910950733,0.0235452012780011,6.293961408377439,38.61688021465653,NA,0.9967154662566661,0.9795545868447948,NA,NA,0.9999999999999999,1.1102230246251565e-16,0.0,1.6752682705535838e-18,0.0,0.15,lbfgsb:0:CONVERGENCE: REL_REDUCTION_OF_F_<=_FACTR*EPSMCH|active_set_polished,NA,NA,0,NA,0.9967154662566661,0.9731983356242038,0.9795545868447948,202.7785695102806,-0.010061963841023473,False,34,True,True,1,3700024
exact_mu_eigendirection_ablation,svm,3700025,20000,100,0.005,polynomial,0.8,largest_eigenvector,6.293961408377439,6.293961408377439,6.293961408377439,31.801625961697173,1.0,1.5104264910950733,0.0235452012780011,6.293961408377439,38.61688021465653,NA,0.9969522227221667,0.9759719307527525,NA,NA,0.9999999999999998,2.220446049250313e-16,0.0,2.433201037153075e-18,0.0,0.13,lbfgsb:0:CONVERGENCE: REL_REDUCTION_OF_F_<=_FACTR*EPSMCH|active_set_polished,NA,NA,0,NA,0.9969522227221667,0.9661042741134198,0.9759719307527525,197.81704077203185,-0.016340453523551672,False,23,True,True,1,3700025
exact_mu_eigendirection_ablation,svm,3700026,20000,100,0.005,polynomial,0.8,largest_eigenvector,6.293961408377439,6.293961408377439,6.293961408377439,31.801625961697173,1.0,1.5104264910950733,0.0235452012780011,6.293961408377439,38.61688021465653,NA,0.9952457444919828,0.9741432190015412,NA,NA,0.9999999999999998,2.220446049250313e-16,0.0,1.3409886613864413e-18,1.3877787807814457e-17,0.17,lbfgsb:0:CONVERGENCE: REL_REDUCTION_OF_F_<=_FACTR*EPSMCH|active_set_polished,NA,NA,0,NA,0.9952457444919828,0.9601835113085733,0.9741432190015412,200.5156961092394,-0.015413936672214409,False,27,True,True,1,3700026
exact_mu_eigendirection_ablation,svm,3700027,20000,100,0.005,polynomial,0.8,largest_eigenvector,6.293961408377439,6.293961408377439,6.293961408377439,31.801625961697173,1.0,1.5104264910950733,0.0235452012780011,6.293961408377439,38.61688021465653,NA,0.9961633218557774,0.981906393446682,NA,NA,0.9999999999999998,2.220446049250313e-16,0.0,4.10287419733646e-18,-1.3877787807814457e-17,0.12,lbfgsb:0:CONVERGENCE: REL_REDUCTION_OF_F_<=_FACTR*EPSMCH|active_set_polished,NA,NA,0,NA,0.9961633218557774,0.9709882321216405,0.981906393446682,190.0574818471155,-0.009668330451905646,False,33,True,True,1,3700027
exact_mu_eigendirection_ablation,svm,3700028,20000,100,0.005,polynomial,0.8,largest_eigenvector,6.293961408377439,6.293961408377439,6.293961408377439,31.801625961697173,1.0,1.5104264910950733,0.0235452012780011,6.293961408377439,38.61688021465653,NA,0.9975391405843094,0.9717412909889871,NA,NA,0.9999999999999998,2.220446049250313e-16,0.0,2.9065935542629553e-18,-1.3877787807814457e-17,0.15,lbfgsb:0:CONVERGENCE: REL_REDUCTION_OF_F_<=_FACTR*EPSMCH|active_set_polished,NA,NA,0,NA,0.9975391405843094,0.9741558530939007,0.9717412909889871,196.65465750629238,-0.011224003844110517,False,21,True,True,1,3700028
exact_mu_eigendirection_ablation,svm,3700029,20000,100,0.005,polynomial,0.8,largest_eigenvector,6.293961408377439,6.293961408377439,6.293961408377439,31.801625961697173,1.0,1.5104264910950733,0.0235452012780011,6.293961408377439,38.61688021465653,NA,0.9978902838511572,0.9818217341803033,NA,NA,0.9999999999999998,2.220446049250313e-16,0.0,3.658323228913695e-18,1.3877787807814457e-17,0.12,lbfgsb:0:CONVERGENCE: REL_REDUCTION_OF_F_<=_FACTR*EPSMCH|active_set_polished,NA,NA,0,NA,0.9978902838511572,0.9768666926771357,0.9818217341803033,200.55334095832055,-0.011971892055752477,False,36,True,True,1,3700029
exact_mu_eigendirection_ablation,svm,3700030,20000,100,0.005,polynomial,0.8,largest_eigenvector,6.293961408377439,6.293961408377439,6.293961408377439,31.801625961697173,1.0,1.5104264910950733,0.0235452012780011,6.293961408377439,38.61688021465653,NA,0.9974331094209125,0.9837574719125263,NA,NA,0.9999999999999998,2.220446049250313e-16,0.0,1.065107039426225e-18,0.0,0.13,lbfgsb:0:CONVERGENCE: REL_REDUCTION_OF_F_<=_FACTR*EPSMCH|active_set_polished,NA,NA,0,NA,0.9974331094209125,0.9772378751480363,0.9837574719125263,205.73410785326274,-0.016690080355651525,False,35,True,True,1,3700030
exact_mu_eigendirection_ablation,svm,3700031,20000,100,0.005,polynomial,0.8,largest_eigenvector,6.293961408377439,6.293961408377439,6.293961408377439,31.801625961697173,1.0,1.5104264910950733,0.0235452012780011,6.293961408377439,38.61688021465653,NA,0.9981308283395679,0.9784713981075304,NA,NA,0.9999999999999998,2.220446049250313e-16,0.0,3.0702734733642105e-18,0.0,0.14,lbfgsb:0:CONVERGENCE: REL_REDUCTION_OF_F_<=_FACTR*EPSMCH|active_set_polished,NA,NA,0,NA,0.9981308283395679,0.9725677678209563,0.9784713981075304,197.52895097504674,-0.014042018547530493,False,32,True,True,1,3700031
exact_mu_eigendirection_ablation,svm,3700032,20000,100,0.005,polynomial,0.8,largest_eigenvector,6.293961408377439,6.293961408377439,6.293961408377439,31.801625961697173,1.0,1.5104264910950733,0.0235452012780011,6.293961408377439,38.61688021465653,NA,0.9983080864400565,0.9787373685143093,NA,NA,0.9999999999999997,3.3306690738754696e-16,0.0,1.9873025763316092e-18,-1.3877787807814457e-17,0.14,lbfgsb:0:CONVERGENCE: REL_REDUCTION_OF_F_<=_FACTR*EPSMCH|active_set_polished,NA,NA,0,NA,0.9983080864400565,0.972037779121138,0.9787373685143093,207.25069015520708,-0.013203237609365492,False,32,True,True,1,3700032
exact_mu_eigendirection_ablation,svm,3700033,20000,100,0.005,polynomial,0.8,largest_eigenvector,6.293961408377439,6.293961408377439,6.293961408377439,31.801625961697173,1.0,1.5104264910950733,0.0235452012780011,6.293961408377439,38.61688021465653,NA,0.9955286335985964,0.9816904707670183,NA,NA,0.9999999999999998,2.220446049250313e-16,0.0,1.7096214349005558e-18,0.0,0.14,lbfgsb:0:CONVERGENCE: REL_REDUCTION_OF_F_<=_FACTR*EPSMCH|active_set_polished,NA,NA,0,NA,0.9955286335985964,0.9726646508162415,0.9816904707670183,209.3140902514893,-0.008611826752650887,False,31,True,True,1,3700033
exact_mu_eigendirection_ablation,svm,3700034,20000,100,0.005,polynomial,0.8,largest_eigenvector,6.293961408377439,6.293961408377439,6.293961408377439,31.801625961697173,1.0,1.5104264910950733,0.0235452012780011,6.293961408377439,38.61688021465653,NA,0.9976247690448146,0.9752389869676155,NA,NA,0.9999999999999998,2.220446049250313e-16,0.0,3.165322795929086e-18,-1.3877787807814457e-17,0.15,lbfgsb:0:CONVERGENCE: REL_REDUCTION_OF_F_<=_FACTR*EPSMCH|active_set_polished,NA,NA,0,NA,0.9976247690448146,0.9654113232659269,0.9752389869676155,204.44350023098193,-0.01085824255629486,False,33,True,True,1,3700034
exact_mu_eigendirection_ablation,svm,3700035,20000,100,0.005,polynomial,0.8,largest_eigenvector,6.293961408377439,6.293961408377439,6.293961408377439,31.801625961697173,1.0,1.5104264910950733,0.0235452012780011,6.293961408377439,38.61688021465653,NA,0.9976632617988923,0.9824173062506497,NA,NA,0.9999999999999998,2.220446049250313e-16,0.0,2.588449545380308e-18,1.3877787807814457e-17,0.16,lbfgsb:0:CONVERGENCE: REL_REDUCTION_OF_F_<=_FACTR*EPSMCH|active_set_polished,NA,NA,0,NA,0.9976632617988923,0.9752163953036506,0.9824173062506497,200.17145714467816,-0.012539076664026474,False,34,True,True,1,3700035
exact_mu_eigendirection_ablation,svm,3700036,20000,100,0.005,polynomial,0.8,largest_eigenvector,6.293961408377439,6.293961408377439,6.293961408377439,31.801625961697173,1.0,1.5104264910950733,0.0235452012780011,6.293961408377439,38.61688021465653,NA,0.997133199235458,0.9778368578408225,NA,NA,0.9999999999999998,2.220446049250313e-16,0.0,2.024684201074003e-18,0.0,0.17,lbfgsb:0:CONVERGENCE: REL_REDUCTION_OF_F_<=_FACTR*EPSMCH|active_set_polished,NA,NA,0,NA,0.997133199235458,0.9737252840199165,0.9778368578408225,202.19534493002624,-0.011004819174750413,False,27,True,True,1,3700036
exact_mu_eigendirection_ablation,svm,3700037,20000,100,0.005,polynomial,0.8,largest_eigenvector,6.293961408377439,6.293961408377439,6.293961408377439,31.801625961697173,1.0,1.5104264910950733,0.0235452012780011,6.293961408377439,38.61688021465653,NA,0.9971442432056377,0.974601350514892,NA,NA,1.0,0.0,0.0,2.9095703792567057e-18,0.0,0.14,lbfgsb:0:CONVERGENCE: REL_REDUCTION_OF_F_<=_FACTR*EPSMCH|active_set_polished,NA,NA,0,NA,0.9971442432056377,0.9667547483103573,0.974601350514892,194.37111099777792,-0.015062598670615693,False,34,True,True,1,3700037
exact_mu_eigendirection_ablation,svm,3700038,20000,100,0.005,polynomial,0.8,largest_eigenvector,6.293961408377439,6.293961408377439,6.293961408377439,31.801625961697173,1.0,1.5104264910950733,0.0235452012780011,6.293961408377439,38.61688021465653,NA,0.9982815122160299,0.9798942912200116,NA,NA,0.9999999999999998,2.220446049250313e-16,0.0,2.0748749155536106e-18,1.3877787807814457e-17,0.17,lbfgsb:0:CONVERGENCE: REL_REDUCTION_OF_F_<=_FACTR*EPSMCH|active_set_polished,NA,NA,0,NA,0.9982815122160299,0.9739689324252928,0.9798942912200116,198.33955705773656,-0.01375133845820747,False,28,True,True,1,3700038
exact_mu_eigendirection_ablation,svm,3700039,20000,100,0.005,polynomial,0.8,largest_eigenvector,6.293961408377439,6.293961408377439,6.293961408377439,31.801625961697173,1.0,1.5104264910950733,0.0235452012780011,6.293961408377439,38.61688021465653,NA,0.9956925722035549,0.9759485766825486,NA,NA,0.9999999999999999,1.1102230246251565e-16,0.0,1.6932868235501055e-18,-1.3877787807814457e-17,0.11,lbfgsb:0:CONVERGENCE: REL_REDUCTION_OF_F_<=_FACTR*EPSMCH|active_set_polished,NA,NA,0,NA,0.9956925722035549,0.9648132527216094,0.9759485766825486,202.0533677518197,-0.013199083938904323,False,35,True,True,1,3700039
exact_mu_eigendirection_ablation,svm,3700040,20000,100,0.005,polynomial,0.8,largest_eigenvector,6.293961408377439,6.293961408377439,6.293961408377439,31.801625961697173,1.0,1.5104264910950733,0.0235452012780011,6.293961408377439,38.61688021465653,NA,0.9969347238587236,0.9757745013535115,NA,NA,0.9999999999999999,1.1102230246251565e-16,0.0,3.615330807180292e-18,1.3877787807814457e-17,0.1,lbfgsb:0:CONVERGENCE: REL_REDUCTION_OF_F_<=_FACTR*EPSMCH|active_set_polished,NA,NA,0,NA,0.9969347238587236,0.9652124555445367,0.9757745013535115,202.88013511347376,-0.01566298995554151,False,24,True,True,1,3700040
exact_mu_eigendirection_ablation,svm,3700041,20000,100,0.005,polynomial,0.8,largest_eigenvector,6.293961408377439,6.293961408377439,6.293961408377439,31.801625961697173,1.0,1.5104264910950733,0.0235452012780011,6.293961408377439,38.61688021465653,NA,0.9974579127086788,0.9729404954924966,NA,NA,0.9999999999999998,2.220446049250313e-16,0.0,3.688859691599473e-18,0.0,0.13,lbfgsb:0:CONVERGENCE: REL_REDUCTION_OF_F_<=_FACTR*EPSMCH|active_set_polished,NA,NA,0,NA,0.9974579127086788,0.9652471522844136,0.9729404954924966,206.59152996373064,-0.012143616318877531,False,29,True,True,1,3700041
exact_mu_eigendirection_ablation,svm,3700042,20000,100,0.005,polynomial,0.8,largest_eigenvector,6.293961408377439,6.293961408377439,6.293961408377439,31.801625961697173,1.0,1.5104264910950733,0.0235452012780011,6.293961408377439,38.61688021465653,NA,0.9977870256586269,0.9846564611030433,NA,NA,0.9999999999999998,2.220446049250313e-16,0.0,1.1398285725738985e-18,-1.3877787807814457e-17,0.14,lbfgsb:0:CONVERGENCE: REL_REDUCTION_OF_F_<=_FACTR*EPSMCH|active_set_polished,NA,NA,0,NA,0.9977870256586269,0.9773077001559797,0.9846564611030433,202.75736574688327,-0.013169684663933577,False,27,True,True,1,3700042
exact_mu_eigendirection_ablation,svm,3700043,20000,100,0.005,polynomial,0.8,largest_eigenvector,6.293961408377439,6.293961408377439,6.293961408377439,31.801625961697173,1.0,1.5104264910950733,0.0235452012780011,6.293961408377439,38.61688021465653,NA,0.9978153395601131,0.9811643616805472,NA,NA,0.9999999999999998,2.220446049250313e-16,0.0,1.636926870340594e-18,0.0,0.12,lbfgsb:0:CONVERGENCE: REL_REDUCTION_OF_F_<=_FACTR*EPSMCH|active_set_polished,NA,NA,0,NA,0.9978153395601131,0.9731979819295488,0.9811643616805472,204.5469997870801,-0.012953874541150994,False,27,True,True,1,3700043
exact_mu_eigendirection_ablation,svm,3700044,20000,100,0.005,polynomial,0.8,largest_eigenvector,6.293961408377439,6.293961408377439,6.293961408377439,31.801625961697173,1.0,1.5104264910950733,0.0235452012780011,6.293961408377439,38.61688021465653,NA,0.9980349504812347,0.9749543985526657,NA,NA,0.9999999999999998,2.220446049250313e-16,0.0,2.4954292283007312e-18,-1.3877787807814457e-17,0.16,lbfgsb:0:CONVERGENCE: REL_REDUCTION_OF_F_<=_FACTR*EPSMCH|active_set_polished,NA,NA,0,NA,0.9980349504812347,0.9680339177237416,0.9749543985526657,202.7053150615168,-0.010817985901573443,False,27,True,True,1,3700044
exact_mu_eigendirection_ablation,svm,3700045,20000,100,0.005,polynomial,0.8,largest_eigenvector,6.293961408377439,6.293961408377439,6.293961408377439,31.801625961697173,1.0,1.5104264910950733,0.0235452012780011,6.293961408377439,38.61688021465653,NA,0.9979606539030481,0.9759462974701825,NA,NA,0.9999999999999998,2.220446049250313e-16,0.0,2.4611621486943327e-18,0.0,0.19,lbfgsb:0:CONVERGENCE: REL_REDUCTION_OF_F_<=_FACTR*EPSMCH|active_set_polished,NA,NA,0,NA,0.9979606539030481,0.9683446983629991,0.9759462974701825,206.18519810407952,-0.010253798913451215,False,30,True,True,1,3700045
exact_mu_eigendirection_ablation,svm,3700046,20000,100,0.005,polynomial,0.8,largest_eigenvector,6.293961408377439,6.293961408377439,6.293961408377439,31.801625961697173,1.0,1.5104264910950733,0.0235452012780011,6.293961408377439,38.61688021465653,NA,0.9960649261791951,0.9721512476125722,NA,NA,0.9999999999999999,1.1102230246251565e-16,0.0,2.9588558198423747e-18,1.3877787807814457e-17,0.14,lbfgsb:0:CONVERGENCE: REL_REDUCTION_OF_F_<=_FACTR*EPSMCH|active_set_polished,NA,NA,0,NA,0.9960649261791951,0.9691540613532394,0.9721512476125722,201.6082028823509,-0.017741155703989687,False,33,True,True,1,3700046
exact_mu_eigendirection_ablation,svm,3700047,20000,100,0.005,polynomial,0.8,largest_eigenvector,6.293961408377439,6.293961408377439,6.293961408377439,31.801625961697173,1.0,1.5104264910950733,0.0235452012780011,6.293961408377439,38.61688021465653,NA,0.997667346402803,0.9794778147556817,NA,NA,0.9999999999999999,1.1102230246251565e-16,0.0,3.248182109055736e-18,1.3877787807814457e-17,0.14,lbfgsb:0:CONVERGENCE: REL_REDUCTION_OF_F_<=_FACTR*EPSMCH|active_set_polished,NA,NA,0,NA,0.997667346402803,0.9717930330241524,0.9794778147556817,204.63084278701385,-0.009506466758524077,False,34,True,True,1,3700047
exact_mu_eigendirection_ablation,svm,3700048,20000,100,0.005,polynomial,0.8,largest_eigenvector,6.293961408377439,6.293961408377439,6.293961408377439,31.801625961697173,1.0,1.5104264910950733,0.0235452012780011,6.293961408377439,38.61688021465653,NA,0.9954236949975569,0.9809888927211634,NA,NA,0.9999999999999998,2.220446049250313e-16,0.0,1.9878093959412412e-18,1.3877787807814457e-17,0.15,lbfgsb:0:CONVERGENCE: REL_REDUCTION_OF_F_<=_FACTR*EPSMCH|active_set_polished,NA,NA,0,NA,0.9954236949975569,0.9734447154977497,0.9809888927211634,205.95569079549855,-0.012339274888645634,False,20,True,True,1,3700048
exact_mu_eigendirection_ablation,svm,3700049,20000,100,0.005,polynomial,0.8,largest_eigenvector,6.293961408377439,6.293961408377439,6.293961408377439,31.801625961697173,1.0,1.5104264910950733,0.0235452012780011,6.293961408377439,38.61688021465653,NA,0.9955451516457118,0.9760080402454232,NA,NA,0.9999999999999998,2.220446049250313e-16,0.0,4.110177767828453e-18,0.0,0.15,lbfgsb:0:CONVERGENCE: REL_REDUCTION_OF_F_<=_FACTR*EPSMCH|active_set_polished,NA,NA,0,NA,0.9955451516457118,0.9745003782905431,0.9760080402454232,196.21524263899718,-0.01087136915355854,False,28,True,True,1,3700049
exact_mu_eigendirection_ablation,svm,3700000,20000,100,0.005,polynomial,0.8,smallest_eigenvector,6.293961408377439,0.11981524425183447,330.6252927789528,31.801625961697173,1.0,1.5104264910950733,0.03180162596169717,330.6252927789528,1513.0264998847808,NA,0.8395036853747666,0.9999933941705812,NA,NA,0.9999999999999991,8.881784197001252e-16,0.0,4.0840613714834973e-19,0.0,0.99,lbfgsb:0:CONVERGENCE: REL_REDUCTION_OF_F_<=_FACTR*EPSMCH|active_set_polished,NA,NA,0,NA,0.8395036853747666,0.8399863500194342,0.9999933941705812,198.14662623195804,-1.5151438993422134e-05,False,6,True,True,1,3700000
exact_mu_eigendirection_ablation,svm,3700001,20000,100,0.005,polynomial,0.8,smallest_eigenvector,6.293961408377439,0.11981524425183447,330.6252927789528,31.801625961697173,1.0,1.5104264910950733,0.03180162596169717,330.6252927789528,1513.0264998847808,NA,0.8527598434562029,0.999944447327433,NA,NA,0.9999999999999992,7.771561172376096e-16,0.0,6.637006241619734e-19,-1.3877787807814457e-17,0.99,lbfgsb:0:CONVERGENCE: REL_REDUCTION_OF_F_<=_FACTR*EPSMCH|active_set_polished,NA,NA,0,NA,0.8527598434562029,0.8528174039258118,0.999944447327433,199.18476784913756,-4.5158162106896635e-05,False,8,True,True,1,3700001
exact_mu_eigendirection_ablation,svm,3700002,20000,100,0.005,polynomial,0.8,smallest_eigenvector,6.293961408377439,0.11981524425183447,330.6252927789528,31.801625961697173,1.0,1.5104264910950733,0.03180162596169717,330.6252927789528,1513.0264998847808,NA,0.7737356404100069,0.9997983811594275,NA,NA,0.9999999999999993,6.661338147750939e-16,0.0,3.122086842136007e-19,-6.938893903907228e-18,0.96,lbfgsb:0:CONVERGENCE: REL_REDUCTION_OF_F_<=_FACTR*EPSMCH|active_set_polished,NA,NA,0,NA,0.7737356404100069,0.7732618481829986,0.9997983811594275,198.48294178544919,-8.704826364374713e-05,False,9,True,True,1,3700002
exact_mu_eigendirection_ablation,svm,3700003,20000,100,0.005,polynomial,0.8,smallest_eigenvector,6.293961408377439,0.11981524425183447,330.6252927789528,31.801625961697173,1.0,1.5104264910950733,0.03180162596169717,330.6252927789528,1513.0264998847808,NA,0.8649069389967637,0.9999970306883561,NA,NA,0.9999999999999993,6.661338147750939e-16,0.0,5.945215177081447e-19,0.0,0.98,lbfgsb:0:CONVERGENCE: REL_REDUCTION_OF_F_<=_FACTR*EPSMCH|active_set_polished,NA,NA,0,NA,0.8649069389967637,0.8650353325772111,0.9999970306883561,195.04840459974264,-1.2109158055081757e-05,False,6,True,True,1,3700003
exact_mu_eigendirection_ablation,svm,3700004,20000,100,0.005,polynomial,0.8,smallest_eigenvector,6.293961408377439,0.11981524425183447,330.6252927789528,31.801625961697173,1.0,1.5104264910950733,0.03180162596169717,330.6252927789528,1513.0264998847808,NA,0.8819290541405589,0.9999454850750824,NA,NA,0.9999999999999993,6.661338147750939e-16,0.0,4.627264246117638e-19,-2.0816681711721685e-17,0.97,lbfgsb:0:CONVERGENCE: REL_REDUCTION_OF_F_<=_FACTR*EPSMCH|active_set_polished,NA,NA,0,NA,0.8819290541405589,0.8820125503746118,0.9999454850750824,197.71096436509626,-3.9670129668426595e-05,False,7,True,True,1,3700004
exact_mu_eigendirection_ablation,svm,3700005,20000,100,0.005,polynomial,0.8,smallest_eigenvector,6.293961408377439,0.11981524425183447,330.6252927789528,31.801625961697173,1.0,1.5104264910950733,0.03180162596169717,330.6252927789528,1513.0264998847808,NA,0.7982119591199865,0.9999833950618092,NA,NA,0.9999999999999994,5.551115123125783e-16,0.0,6.884021305940116e-19,1.3877787807814457e-17,0.98,lbfgsb:0:CONVERGENCE: REL_REDUCTION_OF_F_<=_FACTR*EPSMCH|active_set_polished,NA,NA,0,NA,0.7982119591199865,0.7983264426908118,0.9999833950618092,194.78669955880972,-2.832612677913261e-05,False,8,True,True,1,3700005
exact_mu_eigendirection_ablation,svm,3700006,20000,100,0.005,polynomial,0.8,smallest_eigenvector,6.293961408377439,0.11981524425183447,330.6252927789528,31.801625961697173,1.0,1.5104264910950733,0.03180162596169717,330.6252927789528,1513.0264998847808,NA,0.794341669529462,0.9986998053289379,NA,NA,0.9999999999999991,8.881784197001252e-16,0.0,8.397375312987549e-19,-6.938893903907228e-18,0.94,lbfgsb:0:CONVERGENCE: REL_REDUCTION_OF_F_<=_FACTR*EPSMCH|active_set_polished,NA,NA,0,NA,0.794341669529462,0.7998703159685538,0.9986998053289379,195.66250873387045,-0.00018354764952061887,False,10,True,True,1,3700006
exact_mu_eigendirection_ablation,svm,3700007,20000,100,0.005,polynomial,0.8,smallest_eigenvector,6.293961408377439,0.11981524425183447,330.6252927789528,31.801625961697173,1.0,1.5104264910950733,0.03180162596169717,330.6252927789528,1513.0264998847808,NA,0.7983637732906683,0.9999888290795852,NA,NA,0.9999999999999996,4.440892098500626e-16,0.0,2.67912115054537e-19,-1.3877787807814457e-17,0.96,lbfgsb:0:CONVERGENCE: REL_REDUCTION_OF_F_<=_FACTR*EPSMCH|active_set_polished,NA,NA,0,NA,0.7983637732906683,0.7985280842439154,0.9999888290795852,196.37932890814363,-2.0665321200860468e-05,False,6,True,True,1,3700007
exact_mu_eigendirection_ablation,svm,3700008,20000,100,0.005,polynomial,0.8,smallest_eigenvector,6.293961408377439,0.11981524425183447,330.6252927789528,31.801625961697173,1.0,1.5104264910950733,0.03180162596169717,330.6252927789528,1513.0264998847808,NA,0.8497658221065002,0.9999905257220739,NA,NA,0.9999999999999996,4.440892098500626e-16,0.0,4.419825185649104e-19,6.938893903907228e-18,0.98,lbfgsb:0:CONVERGENCE: REL_REDUCTION_OF_F_<=_FACTR*EPSMCH|active_set_polished,NA,NA,0,NA,0.8497658221065002,0.8496688513704383,0.9999905257220739,197.5500730116065,-2.095475160875738e-05,False,6,True,True,1,3700008
exact_mu_eigendirection_ablation,svm,3700009,20000,100,0.005,polynomial,0.8,smallest_eigenvector,6.293961408377439,0.11981524425183447,330.6252927789528,31.801625961697173,1.0,1.5104264910950733,0.03180162596169717,330.6252927789528,1513.0264998847808,NA,0.8760456970223157,0.9998139085228973,NA,NA,0.9999999999999993,6.661338147750939e-16,0.0,3.660076938177034e-19,2.0816681711721685e-17,0.96,lbfgsb:0:CONVERGENCE: REL_REDUCTION_OF_F_<=_FACTR*EPSMCH|active_set_polished,NA,NA,0,NA,0.8760456970223157,0.8762702822495763,0.9998139085228973,197.50983363514453,-7.262799805138537e-05,False,8,True,True,1,3700009
exact_mu_eigendirection_ablation,svm,3700010,20000,100,0.005,polynomial,0.8,smallest_eigenvector,6.293961408377439,0.11981524425183447,330.6252927789528,31.801625961697173,1.0,1.5104264910950733,0.03180162596169717,330.6252927789528,1513.0264998847808,NA,0.8604755781577444,0.999961516664177,NA,NA,0.9999999999999991,8.881784197001252e-16,0.0,3.549171889531343e-19,0.0,0.99,lbfgsb:0:CONVERGENCE: REL_REDUCTION_OF_F_<=_FACTR*EPSMCH|active_set_polished,NA,NA,0,NA,0.8604755781577444,0.860027026304816,0.999961516664177,196.27093505485465,-3.5628829274302566e-05,False,8,True,True,1,3700010
exact_mu_eigendirection_ablation,svm,3700011,20000,100,0.005,polynomial,0.8,smallest_eigenvector,6.293961408377439,0.11981524425183447,330.6252927789528,31.801625961697173,1.0,1.5104264910950733,0.03180162596169717,330.6252927789528,1513.0264998847808,NA,0.8579305657815095,1.0000000000000002,NA,NA,0.9999999999999993,6.661338147750939e-16,6.022993339802669e-06,3.966492520054382e-19,-1.3877787807814457e-17,1.0,all_support_linear_kkt,NA,NA,0,NA,0.8579305657815095,0.8579305657815095,1.0000000000000002,196.84683949846544,3.0114966699013345e-06,True,0,True,False,0,3700011
exact_mu_eigendirection_ablation,svm,3700012,20000,100,0.005,polynomial,0.8,smallest_eigenvector,6.293961408377439,0.11981524425183447,330.6252927789528,31.801625961697173,1.0,1.5104264910950733,0.03180162596169717,330.6252927789528,1513.0264998847808,NA,0.8686554102591147,0.9999579039757409,NA,NA,0.9999999999999996,4.440892098500626e-16,0.0,3.975994963868235e-19,6.938893903907228e-18,0.95,lbfgsb:0:CONVERGENCE: REL_REDUCTION_OF_F_<=_FACTR*EPSMCH|active_set_polished,NA,NA,0,NA,0.8686554102591147,0.8688886071104882,0.9999579039757409,197.93051994741407,-3.566605339918258e-05,False,7,True,True,1,3700012
exact_mu_eigendirection_ablation,svm,3700013,20000,100,0.005,polynomial,0.8,smallest_eigenvector,6.293961408377439,0.11981524425183447,330.6252927789528,31.801625961697173,1.0,1.5104264910950733,0.03180162596169717,330.6252927789528,1513.0264998847808,NA,0.8297563528764051,0.9999470723275224,NA,NA,0.9999999999999996,4.440892098500626e-16,0.0,4.827450593368896e-19,0.0,0.95,lbfgsb:0:CONVERGENCE: REL_REDUCTION_OF_F_<=_FACTR*EPSMCH|active_set_polished,NA,NA,0,NA,0.8297563528764051,0.8308300579081793,0.9999470723275224,196.73025487341934,-3.699010738135914e-05,False,8,True,True,1,3700013
exact_mu_eigendirection_ablation,svm,3700014,20000,100,0.005,polynomial,0.8,smallest_eigenvector,6.293961408377439,0.11981524425183447,330.6252927789528,31.801625961697173,1.0,1.5104264910950733,0.03180162596169717,330.6252927789528,1513.0264998847808,NA,0.8709883185395498,0.9998411972077229,NA,NA,0.9999999999999996,4.440892098500626e-16,0.0,4.044638860827229e-19,6.938893903907228e-18,0.97,lbfgsb:0:CONVERGENCE: REL_REDUCTION_OF_F_<=_FACTR*EPSMCH|active_set_polished,NA,NA,0,NA,0.8709883185395498,0.8731941379082325,0.9998411972077229,197.44667171042767,-4.65178950768524e-05,False,8,True,True,1,3700014
exact_mu_eigendirection_ablation,svm,3700015,20000,100,0.005,polynomial,0.8,smallest_eigenvector,6.293961408377439,0.11981524425183447,330.6252927789528,31.801625961697173,1.0,1.5104264910950733,0.03180162596169717,330.6252927789528,1513.0264998847808,NA,0.8279322086457339,0.9996977335535254,NA,NA,0.9999999999999996,4.440892098500626e-16,0.0,4.1311909712981404e-19,-6.938893903907228e-18,0.95,lbfgsb:0:CONVERGENCE: REL_REDUCTION_OF_F_<=_FACTR*EPSMCH|active_set_polished,NA,NA,0,NA,0.8279322086457339,0.8301993251338061,0.9996977335535254,196.35847581927638,-9.552978575962723e-05,False,8,True,True,1,3700015
exact_mu_eigendirection_ablation,svm,3700016,20000,100,0.005,polynomial,0.8,smallest_eigenvector,6.293961408377439,0.11981524425183447,330.6252927789528,31.801625961697173,1.0,1.5104264910950733,0.03180162596169717,330.6252927789528,1513.0264998847808,NA,0.7723451174586804,0.9971733408640653,NA,NA,0.9999999999999994,5.551115123125783e-16,0.0,6.826443116265526e-19,0.0,0.97,lbfgsb:0:CONVERGENCE: REL_REDUCTION_OF_F_<=_FACTR*EPSMCH|active_set_polished,NA,NA,0,NA,0.7723451174586804,0.7901050669839295,0.9971733408640653,196.88139822735158,-0.0003050323416187848,False,10,True,True,1,3700016
exact_mu_eigendirection_ablation,svm,3700017,20000,100,0.005,polynomial,0.8,smallest_eigenvector,6.293961408377439,0.11981524425183447,330.6252927789528,31.801625961697173,1.0,1.5104264910950733,0.03180162596169717,330.6252927789528,1513.0264998847808,NA,0.8581490462733838,0.999547005772472,NA,NA,0.9999999999999992,7.771561172376096e-16,0.0,4.745881281530333e-19,-1.3877787807814457e-17,0.98,lbfgsb:0:CONVERGENCE: REL_REDUCTION_OF_F_<=_FACTR*EPSMCH|active_set_polished,NA,NA,0,NA,0.8581490462733838,0.8577400011633469,0.999547005772472,196.47599356223125,-0.00013829242921391003,False,9,True,True,1,3700017
exact_mu_eigendirection_ablation,svm,3700018,20000,100,0.005,polynomial,0.8,smallest_eigenvector,6.293961408377439,0.11981524425183447,330.6252927789528,31.801625961697173,1.0,1.5104264910950733,0.03180162596169717,330.6252927789528,1513.0264998847808,NA,0.8495238754996431,0.9997614937829172,NA,NA,0.9999999999999993,6.661338147750939e-16,0.0,4.1736799375015974e-19,0.0,0.97,lbfgsb:0:CONVERGENCE: REL_REDUCTION_OF_F_<=_FACTR*EPSMCH|active_set_polished,NA,NA,0,NA,0.8495238754996431,0.8511829218280863,0.9997614937829172,198.62763095704804,-7.761743745405978e-05,False,9,True,True,1,3700018
exact_mu_eigendirection_ablation,svm,3700019,20000,100,0.005,polynomial,0.8,smallest_eigenvector,6.293961408377439,0.11981524425183447,330.6252927789528,31.801625961697173,1.0,1.5104264910950733,0.03180162596169717,330.6252927789528,1513.0264998847808,NA,0.8391700121921066,0.9999729756198058,NA,NA,0.9999999999999993,6.661338147750939e-16,0.0,3.529447842490792e-19,0.0,0.98,lbfgsb:0:CONVERGENCE: REL_REDUCTION_OF_F_<=_FACTR*EPSMCH|active_set_polished,NA,NA,0,NA,0.8391700121921066,0.838448786601371,0.9999729756198058,196.97862896105028,-3.8275337684686225e-05,False,6,True,True,1,3700019
exact_mu_eigendirection_ablation,svm,3700020,20000,100,0.005,polynomial,0.8,smallest_eigenvector,6.293961408377439,0.11981524425183447,330.6252927789528,31.801625961697173,1.0,1.5104264910950733,0.03180162596169717,330.6252927789528,1513.0264998847808,NA,0.8187511807194172,0.999908759389892,NA,NA,0.9999999999999994,5.551115123125783e-16,0.0,6.207560896742916e-19,0.0,0.99,lbfgsb:0:CONVERGENCE: REL_REDUCTION_OF_F_<=_FACTR*EPSMCH|active_set_polished,NA,NA,0,NA,0.8187511807194172,0.8190761042277509,0.999908759389892,199.6518848469071,-8.49256964831788e-05,False,10,True,True,1,3700020
exact_mu_eigendirection_ablation,svm,3700021,20000,100,0.005,polynomial,0.8,smallest_eigenvector,6.293961408377439,0.11981524425183447,330.6252927789528,31.801625961697173,1.0,1.5104264910950733,0.03180162596169717,330.6252927789528,1513.0264998847808,NA,0.8307461984705331,0.9994194037105553,NA,NA,0.9999999999999996,4.440892098500626e-16,0.0,8.007150506484987e-19,0.0,0.95,lbfgsb:0:CONVERGENCE: REL_REDUCTION_OF_F_<=_FACTR*EPSMCH|active_set_polished,NA,NA,0,NA,0.8307461984705331,0.8328051703135075,0.9994194037105553,195.82109735226973,-0.00014074469539338802,False,7,True,True,1,3700021
exact_mu_eigendirection_ablation,svm,3700022,20000,100,0.005,polynomial,0.8,smallest_eigenvector,6.293961408377439,0.11981524425183447,330.6252927789528,31.801625961697173,1.0,1.5104264910950733,0.03180162596169717,330.6252927789528,1513.0264998847808,NA,0.8106635717573819,0.9999675714544422,NA,NA,0.9999999999999991,8.881784197001252e-16,0.0,7.204653155261319e-19,-6.938893903907228e-18,0.94,lbfgsb:0:CONVERGENCE: REL_REDUCTION_OF_F_<=_FACTR*EPSMCH|active_set_polished,NA,NA,0,NA,0.8106635717573819,0.8114050518896829,0.9999675714544422,196.51052561224753,-3.075587237041685e-05,False,8,True,True,1,3700022
exact_mu_eigendirection_ablation,svm,3700023,20000,100,0.005,polynomial,0.8,smallest_eigenvector,6.293961408377439,0.11981524425183447,330.6252927789528,31.801625961697173,1.0,1.5104264910950733,0.03180162596169717,330.6252927789528,1513.0264998847808,NA,0.841258176102348,0.9983854991623234,NA,NA,0.9999999999999997,3.3306690738754696e-16,0.0,4.323289466684703e-19,6.938893903907228e-18,0.98,lbfgsb:0:CONVERGENCE: REL_REDUCTION_OF_F_<=_FACTR*EPSMCH|active_set_polished,NA,NA,0,NA,0.841258176102348,0.8503115969901842,0.9983854991623234,196.48078415421926,-0.00019185148216524435,False,9,True,True,1,3700023
exact_mu_eigendirection_ablation,svm,3700024,20000,100,0.005,polynomial,0.8,smallest_eigenvector,6.293961408377439,0.11981524425183447,330.6252927789528,31.801625961697173,1.0,1.5104264910950733,0.03180162596169717,330.6252927789528,1513.0264998847808,NA,0.8605642777922685,0.9998497087932794,NA,NA,0.9999999999999996,4.440892098500626e-16,0.0,4.657755806392882e-19,6.938893903907228e-18,0.96,lbfgsb:0:CONVERGENCE: REL_REDUCTION_OF_F_<=_FACTR*EPSMCH|active_set_polished,NA,NA,0,NA,0.8605642777922685,0.8610940553868044,0.9998497087932794,197.3393431873282,-9.355172219343183e-05,False,8,True,True,1,3700024
exact_mu_eigendirection_ablation,svm,3700025,20000,100,0.005,polynomial,0.8,smallest_eigenvector,6.293961408377439,0.11981524425183447,330.6252927789528,31.801625961697173,1.0,1.5104264910950733,0.03180162596169717,330.6252927789528,1513.0264998847808,NA,0.8189782014613853,0.9998927224534928,NA,NA,0.9999999999999992,7.771561172376096e-16,0.0,7.532805585097842e-19,-2.0816681711721685e-17,0.98,lbfgsb:0:CONVERGENCE: REL_REDUCTION_OF_F_<=_FACTR*EPSMCH|active_set_polished,NA,NA,0,NA,0.8189782014613853,0.8194010083431448,0.9998927224534928,198.06257075279777,-8.094114591875597e-05,False,8,True,True,1,3700025
exact_mu_eigendirection_ablation,svm,3700026,20000,100,0.005,polynomial,0.8,smallest_eigenvector,6.293961408377439,0.11981524425183447,330.6252927789528,31.801625961697173,1.0,1.5104264910950733,0.03180162596169717,330.6252927789528,1513.0264998847808,NA,0.776366561244065,0.9993252098445689,NA,NA,0.9999999999999996,4.440892098500626e-16,0.0,3.7283483204679895e-19,-6.938893903907228e-18,0.98,lbfgsb:0:CONVERGENCE: REL_REDUCTION_OF_F_<=_FACTR*EPSMCH|active_set_polished,NA,NA,0,NA,0.776366561244065,0.7812676518922025,0.9993252098445689,198.3039825310026,-0.0002034897925495399,False,8,True,True,1,3700026
exact_mu_eigendirection_ablation,svm,3700027,20000,100,0.005,polynomial,0.8,smallest_eigenvector,6.293961408377439,0.11981524425183447,330.6252927789528,31.801625961697173,1.0,1.5104264910950733,0.03180162596169717,330.6252927789528,1513.0264998847808,NA,0.8489994057797197,0.9999196433537906,NA,NA,0.9999999999999992,7.771561172376096e-16,0.0,5.001901216250392e-19,-1.3877787807814457e-17,0.98,lbfgsb:0:CONVERGENCE: REL_REDUCTION_OF_F_<=_FACTR*EPSMCH|active_set_polished,NA,NA,0,NA,0.8489994057797197,0.8487794156440293,0.9999196433537906,194.63365818604433,-4.070761345046171e-05,False,6,True,True,1,3700027
exact_mu_eigendirection_ablation,svm,3700028,20000,100,0.005,polynomial,0.8,smallest_eigenvector,6.293961408377439,0.11981524425183447,330.6252927789528,31.801625961697173,1.0,1.5104264910950733,0.03180162596169717,330.6252927789528,1513.0264998847808,NA,0.7436849289466876,0.9989482006268009,NA,NA,0.9999999999999996,4.440892098500626e-16,0.0,8.146163900841186e-19,0.0,0.97,lbfgsb:0:CONVERGENCE: REL_REDUCTION_OF_F_<=_FACTR*EPSMCH|active_set_polished,NA,NA,0,NA,0.7436849289466876,0.7561079010098979,0.9989482006268009,198.26466116928884,-0.00019868691512943857,False,10,True,True,1,3700028
exact_mu_eigendirection_ablation,svm,3700029,20000,100,0.005,polynomial,0.8,smallest_eigenvector,6.293961408377439,0.11981524425183447,330.6252927789528,31.801625961697173,1.0,1.5104264910950733,0.03180162596169717,330.6252927789528,1513.0264998847808,NA,0.8306902736675235,0.9999718575052272,NA,NA,0.9999999999999993,6.661338147750939e-16,0.0,4.613503766995677e-19,0.0,0.99,lbfgsb:0:CONVERGENCE: REL_REDUCTION_OF_F_<=_FACTR*EPSMCH|active_set_polished,NA,NA,0,NA,0.8306902736675235,0.8305742107715008,0.9999718575052272,198.2153216658793,-4.169351459501802e-05,False,7,True,True,1,3700029
exact_mu_eigendirection_ablation,svm,3700030,20000,100,0.005,polynomial,0.8,smallest_eigenvector,6.293961408377439,0.11981524425183447,330.6252927789528,31.801625961697173,1.0,1.5104264910950733,0.03180162596169717,330.6252927789528,1513.0264998847808,NA,0.8804431789784227,1.0000000000000002,NA,NA,0.9999999999999992,7.771561172376096e-16,1.4918931347550752e-06,5.71410634094124e-19,-6.938893903907228e-18,1.0,all_support_linear_kkt,NA,NA,0,NA,0.8804431789784227,0.8804431789784227,1.0000000000000002,194.52944142951822,7.459465673775376e-07,True,0,True,False,0,3700030
exact_mu_eigendirection_ablation,svm,3700031,20000,100,0.005,polynomial,0.8,smallest_eigenvector,6.293961408377439,0.11981524425183447,330.6252927789528,31.801625961697173,1.0,1.5104264910950733,0.03180162596169717,330.6252927789528,1513.0264998847808,NA,0.8250843900446525,0.9999999999999999,NA,NA,0.9999999999999993,6.661338147750939e-16,9.082986364934248e-05,5.837467250060515e-19,0.0,1.0,all_support_linear_kkt,NA,NA,0,NA,0.8250843900446525,0.8250843900446525,0.9999999999999999,195.73931538201714,4.541493182467124e-05,True,0,True,False,0,3700031
exact_mu_eigendirection_ablation,svm,3700032,20000,100,0.005,polynomial,0.8,smallest_eigenvector,6.293961408377439,0.11981524425183447,330.6252927789528,31.801625961697173,1.0,1.5104264910950733,0.03180162596169717,330.6252927789528,1513.0264998847808,NA,0.8285233338108231,0.9999348164644427,NA,NA,0.9999999999999996,4.440892098500626e-16,0.0,4.0002089374130465e-19,-6.938893903907228e-18,0.98,lbfgsb:0:CONVERGENCE: REL_REDUCTION_OF_F_<=_FACTR*EPSMCH|active_set_polished,NA,NA,0,NA,0.8285233338108231,0.8292531284488569,0.9999348164644427,197.76275978266335,-5.2943193865490526e-05,False,8,True,True,1,3700032
exact_mu_eigendirection_ablation,svm,3700033,20000,100,0.005,polynomial,0.8,smallest_eigenvector,6.293961408377439,0.11981524425183447,330.6252927789528,31.801625961697173,1.0,1.5104264910950733,0.03180162596169717,330.6252927789528,1513.0264998847808,NA,0.8383258924119867,0.999492295476277,NA,NA,0.9999999999999996,4.440892098500626e-16,0.0,6.316319141937615e-19,1.3877787807814457e-17,0.95,lbfgsb:0:CONVERGENCE: REL_REDUCTION_OF_F_<=_FACTR*EPSMCH|active_set_polished,NA,NA,0,NA,0.8383258924119867,0.8420357788144285,0.999492295476277,196.82951052693494,-0.00011247078205140225,False,9,True,True,1,3700033
exact_mu_eigendirection_ablation,svm,3700034,20000,100,0.005,polynomial,0.8,smallest_eigenvector,6.293961408377439,0.11981524425183447,330.6252927789528,31.801625961697173,1.0,1.5104264910950733,0.03180162596169717,330.6252927789528,1513.0264998847808,NA,0.8871999818274748,0.9998101803689003,NA,NA,0.9999999999999991,8.881784197001252e-16,0.0,7.149812517968661e-19,-6.938893903907228e-18,0.96,lbfgsb:0:CONVERGENCE: REL_REDUCTION_OF_F_<=_FACTR*EPSMCH|active_set_polished,NA,NA,0,NA,0.8871999818274748,0.8882918789395683,0.9998101803689003,199.43865387133587,-7.067349682536918e-05,False,8,True,True,1,3700034
exact_mu_eigendirection_ablation,svm,3700035,20000,100,0.005,polynomial,0.8,smallest_eigenvector,6.293961408377439,0.11981524425183447,330.6252927789528,31.801625961697173,1.0,1.5104264910950733,0.03180162596169717,330.6252927789528,1513.0264998847808,NA,0.8323463734954608,0.9994694531089993,NA,NA,0.9999999999999996,4.440892098500626e-16,0.0,6.223636465763875e-19,6.938893903907228e-18,0.97,lbfgsb:0:CONVERGENCE: REL_REDUCTION_OF_F_<=_FACTR*EPSMCH|active_set_polished,NA,NA,0,NA,0.8323463734954608,0.8373344267663606,0.9994694531089993,197.0712023794357,-9.949874545921312e-05,False,8,True,True,1,3700035
exact_mu_eigendirection_ablation,svm,3700036,20000,100,0.005,polynomial,0.8,smallest_eigenvector,6.293961408377439,0.11981524425183447,330.6252927789528,31.801625961697173,1.0,1.5104264910950733,0.03180162596169717,330.6252927789528,1513.0264998847808,NA,0.862547302796421,0.9999625294792358,NA,NA,0.9999999999999997,3.3306690738754696e-16,0.0,6.134875529996169e-19,6.938893903907228e-18,0.98,lbfgsb:0:CONVERGENCE: REL_REDUCTION_OF_F_<=_FACTR*EPSMCH|active_set_polished,NA,NA,0,NA,0.862547302796421,0.8623480720623321,0.9999625294792358,197.2400199660365,-4.115379318599972e-05,False,7,True,True,1,3700036
exact_mu_eigendirection_ablation,svm,3700037,20000,100,0.005,polynomial,0.8,smallest_eigenvector,6.293961408377439,0.11981524425183447,330.6252927789528,31.801625961697173,1.0,1.5104264910950733,0.03180162596169717,330.6252927789528,1513.0264998847808,NA,0.8235450554446053,0.9999999997746172,NA,NA,0.9999999999999993,6.661338147750939e-16,0.0,4.311839724042989e-19,0.0,0.99,lbfgsb:0:CONVERGENCE: REL_REDUCTION_OF_F_<=_FACTR*EPSMCH|active_set_polished,NA,NA,0,NA,0.8235450554446053,0.8235450454696558,0.9999999997746172,196.41188684009472,-1.0338443970458413e-07,False,1,True,True,1,3700037
exact_mu_eigendirection_ablation,svm,3700038,20000,100,0.005,polynomial,0.8,smallest_eigenvector,6.293961408377439,0.11981524425183447,330.6252927789528,31.801625961697173,1.0,1.5104264910950733,0.03180162596169717,330.6252927789528,1513.0264998847808,NA,0.8512039774954016,0.999648500029172,NA,NA,0.9999999999999996,4.440892098500626e-16,0.0,7.575061517784695e-19,1.3877787807814457e-17,0.98,lbfgsb:0:CONVERGENCE: REL_REDUCTION_OF_F_<=_FACTR*EPSMCH|active_set_polished,NA,NA,0,NA,0.8512039774954016,0.8531283979971345,0.999648500029172,195.96999250646374,-0.00010845597723695209,False,8,True,True,1,3700038
exact_mu_eigendirection_ablation,svm,3700039,20000,100,0.005,polynomial,0.8,smallest_eigenvector,6.293961408377439,0.11981524425183447,330.6252927789528,31.801625961697173,1.0,1.5104264910950733,0.03180162596169717,330.6252927789528,1513.0264998847808,NA,0.7885988097334946,0.9999967673767106,NA,NA,0.9999999999999996,4.440892098500626e-16,0.0,5.619764824108332e-19,6.938893903907228e-18,0.98,lbfgsb:0:CONVERGENCE: REL_REDUCTION_OF_F_<=_FACTR*EPSMCH|active_set_polished,NA,NA,0,NA,0.7885988097334946,0.7889616382736255,0.9999967673767106,195.95281657163193,-9.796697018453477e-06,False,6,True,True,1,3700039
exact_mu_eigendirection_ablation,svm,3700040,20000,100,0.005,polynomial,0.8,smallest_eigenvector,6.293961408377439,0.11981524425183447,330.6252927789528,31.801625961697173,1.0,1.5104264910950733,0.03180162596169717,330.6252927789528,1513.0264998847808,NA,0.813967620359029,0.9997514082385707,NA,NA,0.9999999999999991,8.881784197001252e-16,0.0,6.444068982797316e-19,-6.938893903907228e-18,0.99,lbfgsb:0:CONVERGENCE: REL_REDUCTION_OF_F_<=_FACTR*EPSMCH|active_set_polished,NA,NA,0,NA,0.813967620359029,0.8162041526653702,0.9997514082385707,198.68122303879255,-0.0001139939781625132,False,10,True,True,1,3700040
exact_mu_eigendirection_ablation,svm,3700041,20000,100,0.005,polynomial,0.8,smallest_eigenvector,6.293961408377439,0.11981524425183447,330.6252927789528,31.801625961697173,1.0,1.5104264910950733,0.03180162596169717,330.6252927789528,1513.0264998847808,NA,0.8744015496792773,0.9999332383609321,NA,NA,0.9999999999999994,5.551115123125783e-16,0.0,5.179927876366398e-19,0.0,0.97,lbfgsb:0:CONVERGENCE: REL_REDUCTION_OF_F_<=_FACTR*EPSMCH|active_set_polished,NA,NA,0,NA,0.8744015496792773,0.8741132480553445,0.9999332383609321,198.4329785338457,-4.1315671891487814e-05,False,8,True,True,1,3700041
exact_mu_eigendirection_ablation,svm,3700042,20000,100,0.005,polynomial,0.8,smallest_eigenvector,6.293961408377439,0.11981524425183447,330.6252927789528,31.801625961697173,1.0,1.5104264910950733,0.03180162596169717,330.6252927789528,1513.0264998847808,NA,0.8454685370195755,0.9999849855316835,NA,NA,0.9999999999999994,5.551115123125783e-16,0.0,4.144631683791502e-19,-1.3877787807814457e-17,0.97,lbfgsb:0:CONVERGENCE: REL_REDUCTION_OF_F_<=_FACTR*EPSMCH|active_set_polished,NA,NA,0,NA,0.8454685370195755,0.8455307360905939,0.9999849855316835,198.50035323497616,-2.4778851620642992e-05,False,7,True,True,1,3700042
exact_mu_eigendirection_ablation,svm,3700043,20000,100,0.005,polynomial,0.8,smallest_eigenvector,6.293961408377439,0.11981524425183447,330.6252927789528,31.801625961697173,1.0,1.5104264910950733,0.03180162596169717,330.6252927789528,1513.0264998847808,NA,0.8583086146813954,0.9994390142692556,NA,NA,0.9999999999999992,7.771561172376096e-16,0.0,4.217083110948661e-19,-1.3877787807814457e-17,0.97,lbfgsb:0:CONVERGENCE: REL_REDUCTION_OF_F_<=_FACTR*EPSMCH|active_set_polished,NA,NA,0,NA,0.8583086146813954,0.8609206721170594,0.9994390142692556,197.7999505157785,-9.005574946085102e-05,False,9,True,True,1,3700043
exact_mu_eigendirection_ablation,svm,3700044,20000,100,0.005,polynomial,0.8,smallest_eigenvector,6.293961408377439,0.11981524425183447,330.6252927789528,31.801625961697173,1.0,1.5104264910950733,0.03180162596169717,330.6252927789528,1513.0264998847808,NA,0.8454346634219005,0.9999773501876646,NA,NA,0.9999999999999996,4.440892098500626e-16,0.0,4.516889614251024e-19,1.3877787807814457e-17,0.99,lbfgsb:0:CONVERGENCE: REL_REDUCTION_OF_F_<=_FACTR*EPSMCH|active_set_polished,NA,NA,0,NA,0.8454346634219005,0.8448593839305096,0.9999773501876646,194.76145459923237,-3.599536698976854e-05,False,7,True,True,1,3700044
exact_mu_eigendirection_ablation,svm,3700045,20000,100,0.005,polynomial,0.8,smallest_eigenvector,6.293961408377439,0.11981524425183447,330.6252927789528,31.801625961697173,1.0,1.5104264910950733,0.03180162596169717,330.6252927789528,1513.0264998847808,NA,0.7948017862845529,0.9998309863478942,NA,NA,0.9999999999999993,6.661338147750939e-16,0.0,5.0299074677017e-19,6.938893903907228e-18,0.98,lbfgsb:0:CONVERGENCE: REL_REDUCTION_OF_F_<=_FACTR*EPSMCH|active_set_polished,NA,NA,0,NA,0.7948017862845529,0.7948912004394582,0.9998309863478942,199.52385152676652,-8.144713403068024e-05,False,8,True,True,1,3700045
exact_mu_eigendirection_ablation,svm,3700046,20000,100,0.005,polynomial,0.8,smallest_eigenvector,6.293961408377439,0.11981524425183447,330.6252927789528,31.801625961697173,1.0,1.5104264910950733,0.03180162596169717,330.6252927789528,1513.0264998847808,NA,0.8901723424430086,0.999142094862143,NA,NA,0.9999999999999994,5.551115123125783e-16,0.0,3.989594030031575e-19,6.938893903907228e-18,0.95,lbfgsb:0:CONVERGENCE: REL_REDUCTION_OF_F_<=_FACTR*EPSMCH|active_set_polished,NA,NA,0,NA,0.8901723424430086,0.8906526684089323,0.999142094862143,196.92019720216564,-0.00015498831325189152,False,9,True,True,1,3700046
exact_mu_eigendirection_ablation,svm,3700047,20000,100,0.005,polynomial,0.8,smallest_eigenvector,6.293961408377439,0.11981524425183447,330.6252927789528,31.801625961697173,1.0,1.5104264910950733,0.03180162596169717,330.6252927789528,1513.0264998847808,NA,0.8014957307552868,1.0000000000000002,NA,NA,0.9999999999999994,5.551115123125783e-16,1.2497025216514607e-05,3.403096440606411e-19,0.0,1.0,all_support_linear_kkt,NA,NA,0,NA,0.8014957307552868,0.8014957307552868,1.0000000000000002,196.34350860887224,6.248512608257304e-06,True,0,True,False,0,3700047
exact_mu_eigendirection_ablation,svm,3700048,20000,100,0.005,polynomial,0.8,smallest_eigenvector,6.293961408377439,0.11981524425183447,330.6252927789528,31.801625961697173,1.0,1.5104264910950733,0.03180162596169717,330.6252927789528,1513.0264998847808,NA,0.8332948039268231,0.9999896532176366,NA,NA,0.9999999999999989,1.1102230246251565e-15,0.0,7.393280266870564e-19,0.0,0.99,lbfgsb:0:CONVERGENCE: REL_REDUCTION_OF_F_<=_FACTR*EPSMCH|active_set_polished,NA,NA,0,NA,0.8332948039268231,0.832984401874627,0.9999896532176366,198.44609239503262,-1.765594130278093e-05,False,6,True,True,1,3700048
exact_mu_eigendirection_ablation,svm,3700049,20000,100,0.005,polynomial,0.8,smallest_eigenvector,6.293961408377439,0.11981524425183447,330.6252927789528,31.801625961697173,1.0,1.5104264910950733,0.03180162596169717,330.6252927789528,1513.0264998847808,NA,0.7587545644999426,0.9999856003970707,NA,NA,0.9999999999999993,6.661338147750939e-16,0.0,4.582807428460845e-19,0.0,0.97,lbfgsb:0:CONVERGENCE: REL_REDUCTION_OF_F_<=_FACTR*EPSMCH|active_set_polished,NA,NA,0,NA,0.7587545644999426,0.7583054140327701,0.9999856003970707,197.677673876614,-2.5333955049204305e-05,False,6,True,True,1,3700049
exact_mu_eigendirection_ablation,svm,3700000,20000,100,0.005,polynomial,0.8,random,6.293961408377439,0.24210659788986325,246.02702014106268,31.801625961697173,1.0,1.5104264910950733,0.03180162596169717,163.62193577295776,1451.1025182024812,NA,0.6686056392492243,0.9986528597983658,NA,NA,0.9999999999999993,6.661338147750939e-16,0.0,6.813678043098559e-19,-6.938893903907228e-18,0.91,lbfgsb:0:CONVERGENCE: REL_REDUCTION_OF_F_<=_FACTR*EPSMCH|active_set_polished,NA,NA,0,NA,0.6686056392492243,0.6701181562702367,0.9986528597983658,197.9505495768492,-0.0002306127393854488,False,10,True,True,1,3700000
exact_mu_eigendirection_ablation,svm,3700001,20000,100,0.005,polynomial,0.8,random,6.29396140837744,0.2565251294499367,245.12178080534048,31.801625961697173,1.0,1.5104264910950733,0.03180162596169717,154.42522257015588,1441.5190409269846,NA,0.634554661184094,0.9995050380012593,NA,NA,0.9999999999999996,4.440892098500626e-16,0.0,5.321165211827638e-19,6.938893903907228e-18,0.85,lbfgsb:0:CONVERGENCE: REL_REDUCTION_OF_F_<=_FACTR*EPSMCH|active_set_polished,NA,NA,0,NA,0.634554661184094,0.634551700471574,0.9995050380012593,199.05132454344454,-0.000188992009927774,False,9,True,True,1,3700001
exact_mu_eigendirection_ablation,svm,3700002,20000,100,0.005,polynomial,0.8,random,6.29396140837744,0.24625994366613715,245.73023020333812,31.801625961697173,1.0,1.5104264910950733,0.03180162596169717,160.86233765995854,1448.3858908465545,NA,0.6258409459001367,0.9987113914908287,NA,NA,0.9999999999999996,4.440892098500626e-16,0.0,5.78516520432723e-19,2.0816681711721685e-17,0.82,lbfgsb:0:CONVERGENCE: REL_REDUCTION_OF_F_<=_FACTR*EPSMCH|active_set_polished,NA,NA,0,NA,0.6258409459001367,0.6277345169819587,0.9987113914908287,198.5379187500498,-0.0002546822667463995,False,13,True,True,1,3700002
exact_mu_eigendirection_ablation,svm,3700003,20000,100,0.005,polynomial,0.8,random,6.29396140837744,0.24309377898767445,247.44627669743926,31.801625961697173,1.0,1.5104264910950733,0.03180162596169717,162.95748239675464,1450.4600886116732,NA,0.664267799130283,0.9983682061778101,NA,NA,0.9999999999999989,1.1102230246251565e-15,0.0,1.171108708550426e-18,-6.938893903907228e-18,0.86,lbfgsb:0:CONVERGENCE: REL_REDUCTION_OF_F_<=_FACTR*EPSMCH|active_set_polished,NA,NA,0,NA,0.664267799130283,0.6684039803882416,0.9983682061778101,195.03948420709492,-0.00030204764113647334,False,9,True,True,1,3700003
exact_mu_eigendirection_ablation,svm,3700004,20000,100,0.005,polynomial,0.8,random,6.29396140837744,0.24725264619532894,246.87457693944327,31.801625961697173,1.0,1.5104264910950733,0.03180162596169717,160.21648633377865,1447.7312647703775,NA,0.6526293197324847,0.9988314812392312,NA,NA,0.9999999999999997,3.3306690738754696e-16,0.0,7.623665985366866e-19,6.938893903907228e-18,0.86,lbfgsb:0:CONVERGENCE: REL_REDUCTION_OF_F_<=_FACTR*EPSMCH|active_set_polished,NA,NA,0,NA,0.6526293197324847,0.6548087110127069,0.9988314812392312,197.52700468725664,-0.0001521306565624362,False,11,True,True,1,3700004
exact_mu_eigendirection_ablation,svm,3700005,20000,100,0.005,polynomial,0.8,random,6.293961408377439,0.2552223001572302,245.52595038880932,31.801625961697173,1.0,1.5104264910950733,0.03180162596169717,155.21351459390604,1442.4024334346923,NA,0.6477329385675288,0.9990056652689442,NA,NA,0.9999999999999996,4.440892098500626e-16,0.0,8.906966018874416e-19,1.3877787807814457e-17,0.9,lbfgsb:0:CONVERGENCE: REL_REDUCTION_OF_F_<=_FACTR*EPSMCH|active_set_polished,NA,NA,0,NA,0.6477329385675288,0.6448728205547025,0.9990056652689442,194.4201700134643,-0.00022397481791476597,False,12,True,True,1,3700005
exact_mu_eigendirection_ablation,svm,3700006,20000,100,0.005,polynomial,0.8,random,6.29396140837744,0.25256679700644885,246.53501199607751,31.801625961697173,1.0,1.5104264910950733,0.03180162596169717,156.8454392250659,1444.192401951113,NA,0.6332713036166107,0.9959964006729882,NA,NA,0.9999999999999997,3.3306690738754696e-16,0.0,5.334610234175488e-19,0.0,0.85,lbfgsb:0:CONVERGENCE: REL_REDUCTION_OF_F_<=_FACTR*EPSMCH|active_set_polished,NA,NA,0,NA,0.6332713036166107,0.6395958796773998,0.9959964006729882,195.80098786846807,-0.00034674108909480024,False,13,True,True,1,3700006
exact_mu_eigendirection_ablation,svm,3700007,20000,100,0.005,polynomial,0.8,random,6.29396140837744,0.25173953814109995,245.9650990625947,31.801625961697173,1.0,1.5104264910950733,0.03180162596169717,157.36085996924692,1444.7470997444047,NA,0.6357443779818966,0.9974487121233925,NA,NA,0.9999999999999993,6.661338147750939e-16,0.0,5.790796368554882e-19,0.0,0.86,lbfgsb:0:CONVERGENCE: REL_REDUCTION_OF_F_<=_FACTR*EPSMCH|active_set_polished,NA,NA,0,NA,0.6357443779818966,0.6386338239838428,0.9974487121233925,196.66340860672975,-0.0003234507096228863,False,10,True,True,1,3700007
exact_mu_eigendirection_ablation,svm,3700008,20000,100,0.005,polynomial,0.8,random,6.293961408377439,0.24778624245351455,245.9137376392857,31.801625961697173,1.0,1.5104264910950733,0.03180162596169717,159.8714675112611,1447.3785481904933,NA,0.6442721336183569,0.9975989678953538,NA,NA,0.9999999999999993,6.661338147750939e-16,0.0,5.363839374417417e-19,-6.938893903907228e-18,0.84,lbfgsb:0:CONVERGENCE: REL_REDUCTION_OF_F_<=_FACTR*EPSMCH|active_set_polished,NA,NA,0,NA,0.6442721336183569,0.6491543976221871,0.9975989678953538,197.71216437978157,-0.0002966972419683715,False,10,True,True,1,3700008
exact_mu_eigendirection_ablation,svm,3700009,20000,100,0.005,polynomial,0.8,random,6.293961408377439,0.25379410196037283,246.09073626539174,31.801625961697173,1.0,1.5104264910950733,0.03180162596169717,156.08696145480087,1443.3668999240174,NA,0.6391054335811063,0.9969784447081159,NA,NA,0.9999999999999996,4.440892098500626e-16,0.0,8.9208618558977e-19,0.0,0.83,lbfgsb:0:CONVERGENCE: REL_REDUCTION_OF_F_<=_FACTR*EPSMCH|active_set_polished,NA,NA,0,NA,0.6391054335811063,0.6428229386039087,0.9969784447081159,197.46960492471106,-0.00038398392194621253,False,12,True,True,1,3700009
exact_mu_eigendirection_ablation,svm,3700010,20000,100,0.005,polynomial,0.8,random,6.293961408377439,0.25003357778958574,246.58762051253336,31.801625961697173,1.0,1.5104264910950733,0.03180162596169717,158.43452131649855,1445.8865780921,NA,0.6452049580878932,0.9986646197485993,NA,NA,0.9999999999999997,3.3306690738754696e-16,0.0,6.434991076396295e-19,6.938893903907228e-18,0.87,lbfgsb:0:CONVERGENCE: REL_REDUCTION_OF_F_<=_FACTR*EPSMCH|active_set_polished,NA,NA,0,NA,0.6452049580878932,0.6481099908831912,0.9986646197485993,196.88973940911288,-0.00022972749508536476,False,9,True,True,1,3700010
exact_mu_eigendirection_ablation,svm,3700011,20000,100,0.005,polynomial,0.8,random,6.293961408377439,0.24554769577451968,247.06383695826278,31.801625961697173,1.0,1.5104264910950733,0.03180162596169717,161.3289429786424,1448.8543148528313,NA,0.662435319939742,0.9986097287515848,NA,NA,0.9999999999999996,4.440892098500626e-16,0.0,6.055856764982498e-19,2.0816681711721685e-17,0.9,lbfgsb:0:CONVERGENCE: REL_REDUCTION_OF_F_<=_FACTR*EPSMCH|active_set_polished,NA,NA,0,NA,0.662435319939742,0.6635156981811151,0.9986097287515848,197.1777574615015,-0.0003220802155252966,False,11,True,True,1,3700011
exact_mu_eigendirection_ablation,svm,3700012,20000,100,0.005,polynomial,0.8,random,6.29396140837744,0.25025711248608357,247.00605467195996,31.801625961697173,1.0,1.5104264910950733,0.03180162596169717,158.29300440900514,1445.737609481728,NA,0.6362216796376495,0.9968395914621195,NA,NA,0.9999999999999992,7.771561172376096e-16,0.0,6.42116846682288e-19,-6.938893903907228e-18,0.83,lbfgsb:0:CONVERGENCE: REL_REDUCTION_OF_F_<=_FACTR*EPSMCH|active_set_polished,NA,NA,0,NA,0.6362216796376495,0.6405332101231199,0.9968395914621195,197.6947332728183,-0.0004433684510653888,False,11,True,True,1,3700012
exact_mu_eigendirection_ablation,svm,3700013,20000,100,0.005,polynomial,0.8,random,6.293961408377439,0.24249902254088768,246.32519999690578,31.801625961697173,1.0,1.5104264910950733,0.03180162596169717,163.35715416529246,1450.8473842532567,NA,0.6462249454316743,0.9989705637163814,NA,NA,0.9999999999999997,3.3306690738754696e-16,0.0,4.516743118489291e-19,6.938893903907228e-18,0.9,lbfgsb:0:CONVERGENCE: REL_REDUCTION_OF_F_<=_FACTR*EPSMCH|active_set_polished,NA,NA,0,NA,0.6462249454316743,0.64652246716469,0.9989705637163814,196.65530379084808,-0.00019380337283697317,False,10,True,True,1,3700013
exact_mu_eigendirection_ablation,svm,3700014,20000,100,0.005,polynomial,0.8,random,6.293961408377439,0.24715519569435226,246.75847367569276,31.801625961697173,1.0,1.5104264910950733,0.03180162596169717,160.2796578840027,1447.795617701831,NA,0.6494898381580527,0.9975822552058856,NA,NA,0.9999999999999993,6.661338147750939e-16,0.0,5.436139588124422e-19,0.0,0.87,lbfgsb:0:CONVERGENCE: REL_REDUCTION_OF_F_<=_FACTR*EPSMCH|active_set_polished,NA,NA,0,NA,0.6494898381580527,0.6499910324211101,0.9975822552058856,196.79451574221565,-0.0003991427874444977,False,12,True,True,1,3700014
exact_mu_eigendirection_ablation,svm,3700015,20000,100,0.005,polynomial,0.8,random,6.29396140837744,0.24610852302757083,245.84929929288944,31.801625961697173,1.0,1.5104264910950733,0.03180162596169717,160.96130976214377,1448.4855638301353,NA,0.6368339654966463,0.9987109829492863,NA,NA,0.9999999999999997,3.3306690738754696e-16,0.0,9.417612583745862e-19,6.938893903907228e-18,0.83,lbfgsb:0:CONVERGENCE: REL_REDUCTION_OF_F_<=_FACTR*EPSMCH|active_set_polished,NA,NA,0,NA,0.6368339654966463,0.6429561375974011,0.9987109829492863,196.73717947331693,-0.00025375434023452797,False,9,True,True,1,3700015
exact_mu_eigendirection_ablation,svm,3700016,20000,100,0.005,polynomial,0.8,random,6.293961408377439,0.25176868890794946,245.88790232064622,31.801625961697173,1.0,1.5104264910950733,0.03180162596169717,157.3426401113285,1444.7275771268637,NA,0.6220673402836223,0.9988554823479512,NA,NA,0.9999999999999996,4.440892098500626e-16,0.0,5.657027431567187e-19,-6.938893903907228e-18,0.84,lbfgsb:0:CONVERGENCE: REL_REDUCTION_OF_F_<=_FACTR*EPSMCH|active_set_polished,NA,NA,0,NA,0.6220673402836223,0.6289965786641188,0.9988554823479512,197.0279706217871,-0.00027937098565486256,False,9,True,True,1,3700016
exact_mu_eigendirection_ablation,svm,3700017,20000,100,0.005,polynomial,0.8,random,6.29396140837744,0.2430486321251014,245.92974089556245,31.801625961697173,1.0,1.5104264910950733,0.03180162596169717,162.98775213741803,1450.4895135227616,NA,0.6436359768641564,0.9978889602356145,NA,NA,0.9999999999999993,6.661338147750939e-16,0.0,6.176956080088464e-19,2.0816681711721685e-17,0.8,lbfgsb:0:CONVERGENCE: REL_REDUCTION_OF_F_<=_FACTR*EPSMCH|active_set_polished,NA,NA,0,NA,0.6436359768641564,0.6444107704094614,0.9978889602356145,196.80949093456547,-0.00031562086501671935,False,9,True,True,1,3700017
exact_mu_eigendirection_ablation,svm,3700018,20000,100,0.005,polynomial,0.8,random,6.293961408377439,0.24405811982106643,246.30512560268653,31.801625961697173,1.0,1.5104264910950733,0.03180162596169717,162.3135925130779,1449.8305509977977,NA,0.671773997865872,0.9992572719169708,NA,NA,0.9999999999999993,6.661338147750939e-16,0.0,4.870961384602961e-19,0.0,0.91,lbfgsb:0:CONVERGENCE: REL_REDUCTION_OF_F_<=_FACTR*EPSMCH|active_set_polished,NA,NA,0,NA,0.671773997865872,0.6738293730630438,0.9992572719169708,198.63419682460125,-0.00022371370382552128,False,10,True,True,1,3700018
exact_mu_eigendirection_ablation,svm,3700019,20000,100,0.005,polynomial,0.8,random,6.29396140837744,0.25110109222704474,247.02930022249262,31.801625961697173,1.0,1.5104264910950733,0.03180162596169717,157.76096335863696,1445.174239715805,NA,0.6467786913152318,0.9993076711708784,NA,NA,0.9999999999999991,8.881784197001252e-16,0.0,7.461252265571954e-19,0.0,0.86,lbfgsb:0:CONVERGENCE: REL_REDUCTION_OF_F_<=_FACTR*EPSMCH|active_set_polished,NA,NA,0,NA,0.6467786913152318,0.6483037707789855,0.9993076711708784,196.5469138330174,-0.0002359207694902674,False,10,True,True,1,3700019
exact_mu_eigendirection_ablation,svm,3700020,20000,100,0.005,polynomial,0.8,random,6.293961408377439,0.24710347601815189,247.106127764146,31.801625961697173,1.0,1.5104264910950733,0.03180162596169717,160.31320501227805,1447.8297636007405,NA,0.6329655656530679,0.9982429771319786,NA,NA,0.9999999999999996,4.440892098500626e-16,0.0,4.301135883270225e-19,6.938893903907228e-18,0.86,lbfgsb:0:CONVERGENCE: REL_REDUCTION_OF_F_<=_FACTR*EPSMCH|active_set_polished,NA,NA,0,NA,0.6329655656530679,0.6395451291991022,0.9982429771319786,200.06865345747147,-0.0002748619535119035,False,9,True,True,1,3700020
exact_mu_eigendirection_ablation,svm,3700021,20000,100,0.005,polynomial,0.8,random,6.29396140837744,0.26907892363695407,247.2148486284073,31.801625961697173,1.0,1.5104264910950733,0.03180162596169717,147.22056144238317,1432.8343617738446,NA,0.6099979648529236,0.997297808117676,NA,NA,0.9999999999999994,5.551115123125783e-16,0.0,6.639647907709521e-19,2.0816681711721685e-17,0.75,lbfgsb:0:CONVERGENCE: REL_REDUCTION_OF_F_<=_FACTR*EPSMCH|active_set_polished,NA,NA,0,NA,0.6099979648529236,0.615345786175929,0.997297808117676,195.73615942874537,-0.00029772348070796373,False,12,True,True,1,3700021
exact_mu_eigendirection_ablation,svm,3700022,20000,100,0.005,polynomial,0.8,random,6.293961408377439,0.24928649494834598,246.96545526474304,31.801625961697173,1.0,1.5104264910950733,0.03180162596169717,158.9093312830798,1446.3837072443496,NA,0.6492603749508717,0.9994093938744663,NA,NA,0.9999999999999994,5.551115123125783e-16,0.0,6.869410293603267e-19,0.0,0.88,lbfgsb:0:CONVERGENCE: REL_REDUCTION_OF_F_<=_FACTR*EPSMCH|active_set_polished,NA,NA,0,NA,0.6492603749508717,0.6510336837569142,0.9994093938744663,196.02603094917896,-0.00013688958617159017,False,9,True,True,1,3700022
exact_mu_eigendirection_ablation,svm,3700023,20000,100,0.005,polynomial,0.8,random,6.293961408377439,0.24979838832600498,246.4902806052675,31.801625961697173,1.0,1.5104264910950733,0.03180162596169717,158.58369013352257,1446.0432030909997,NA,0.6305296323635858,0.9992620753971042,NA,NA,0.9999999999999996,4.440892098500626e-16,0.0,6.026871392207011e-19,0.0,0.93,lbfgsb:0:CONVERGENCE: REL_REDUCTION_OF_F_<=_FACTR*EPSMCH|active_set_polished,NA,NA,0,NA,0.6305296323635858,0.6335871580178948,0.9992620753971042,196.41351575433745,-0.00017476321445470856,False,9,True,True,1,3700023
exact_mu_eigendirection_ablation,svm,3700024,20000,100,0.005,polynomial,0.8,random,6.293961408377439,0.24965256083112009,246.3111101172674,31.801625961697173,1.0,1.5104264910950733,0.03180162596169717,158.6763223187675,1446.140260264743,NA,0.6583426915271315,0.9988227250835193,NA,NA,0.9999999999999993,6.661338147750939e-16,0.0,4.1064032975627146e-19,6.938893903907228e-18,0.84,lbfgsb:0:CONVERGENCE: REL_REDUCTION_OF_F_<=_FACTR*EPSMCH|active_set_polished,NA,NA,0,NA,0.6583426915271315,0.662021193514357,0.9988227250835193,197.386534433026,-0.00021202537957604715,False,12,True,True,1,3700024
exact_mu_eigendirection_ablation,svm,3700025,20000,100,0.005,polynomial,0.8,random,6.29396140837744,0.25266587979507904,246.87613587979413,31.801625961697173,1.0,1.5104264910950733,0.03180162596169717,156.78393237057904,1444.1258710426114,NA,0.6272677668976411,0.9990462483806021,NA,NA,0.9999999999999993,6.661338147750939e-16,0.0,7.4792488271885525e-19,6.938893903907228e-18,0.86,lbfgsb:0:CONVERGENCE: REL_REDUCTION_OF_F_<=_FACTR*EPSMCH|active_set_polished,NA,NA,0,NA,0.6272677668976411,0.6299261132676064,0.9990462483806021,198.402768406975,-0.0002218905103728785,False,12,True,True,1,3700025
exact_mu_eigendirection_ablation,svm,3700026,20000,100,0.005,polynomial,0.8,random,6.293961408377439,0.24950351065823317,247.46220952681344,31.801625961697173,1.0,1.5104264910950733,0.03180162596169717,158.77111350311705,1446.2394172126114,NA,0.6591002064418537,0.9966187180908597,NA,NA,0.9999999999999993,6.661338147750939e-16,0.0,8.409710611748072e-19,6.938893903907228e-18,0.87,lbfgsb:0:CONVERGENCE: REL_REDUCTION_OF_F_<=_FACTR*EPSMCH|active_set_polished,NA,NA,0,NA,0.6591002064418537,0.6609834131392724,0.9966187180908597,198.11216472712397,-0.0004008735250139841,False,11,True,True,1,3700026
exact_mu_eigendirection_ablation,svm,3700027,20000,100,0.005,polynomial,0.8,random,6.29396140837744,0.2394316406391576,246.84573181133928,31.801625961697173,1.0,1.5104264910950733,0.03180162596169717,165.44993846425618,1452.8329923369893,NA,0.6514617955729336,0.9990497896105872,NA,NA,0.9999999999999996,4.440892098500626e-16,0.0,4.938391115153854e-19,0.0,0.87,lbfgsb:0:CONVERGENCE: REL_REDUCTION_OF_F_<=_FACTR*EPSMCH|active_set_polished,NA,NA,0,NA,0.6514617955729336,0.6537929789253507,0.9990497896105872,193.81406093308414,-0.00022475426401073986,False,9,True,True,1,3700027
exact_mu_eigendirection_ablation,svm,3700028,20000,100,0.005,polynomial,0.8,random,6.293961408377439,0.25464254948135523,245.353088991222,31.801625961697173,1.0,1.5104264910950733,0.03180162596169717,155.56689284971608,1442.7944378323375,NA,0.6162429894207839,0.9971688010615848,NA,NA,0.9999999999999994,5.551115123125783e-16,0.0,4.986631630891119e-19,-6.938893903907228e-18,0.89,lbfgsb:0:CONVERGENCE: REL_REDUCTION_OF_F_<=_FACTR*EPSMCH|active_set_polished,NA,NA,0,NA,0.6162429894207839,0.6280035559864537,0.9971688010615848,198.33015865766782,-0.00045952082519656407,False,9,True,True,1,3700028
exact_mu_eigendirection_ablation,svm,3700029,20000,100,0.005,polynomial,0.8,random,6.293961408377439,0.25465456739561376,246.74730967234893,31.801625961697173,1.0,1.5104264910950733,0.03180162596169717,155.55955118057244,1442.7863186837224,NA,0.6372911732992119,0.9974561516569939,NA,NA,0.9999999999999993,6.661338147750939e-16,0.0,6.554871806987914e-19,-6.938893903907228e-18,0.92,lbfgsb:0:CONVERGENCE: REL_REDUCTION_OF_F_<=_FACTR*EPSMCH|active_set_polished,NA,NA,0,NA,0.6372911732992119,0.6423058829834106,0.9974561516569939,197.76661136245522,-0.0003638018539657482,False,10,True,True,1,3700029
exact_mu_eigendirection_ablation,svm,3700030,20000,100,0.005,polynomial,0.8,random,6.29396140837744,0.2537620726032257,246.74811421344123,31.801625961697173,1.0,1.5104264910950733,0.03180162596169717,156.10666244866164,1443.3884821388795,NA,0.6419107524877428,0.9992991039494717,NA,NA,0.9999999999999991,8.881784197001252e-16,0.0,6.3575420644487775e-19,-1.3877787807814457e-17,0.84,lbfgsb:0:CONVERGENCE: REL_REDUCTION_OF_F_<=_FACTR*EPSMCH|active_set_polished,NA,NA,0,NA,0.6419107524877428,0.6445598767341858,0.9992991039494717,194.17815127093598,-0.00017815498969296265,False,9,True,True,1,3700030
exact_mu_eigendirection_ablation,svm,3700031,20000,100,0.005,polynomial,0.8,random,6.29396140837744,0.27308482432663417,246.67363681274566,31.801625961697173,1.0,1.5104264910950733,0.03180162596169717,145.0609725671268,1429.9986247171475,NA,0.6186864811051501,0.9973159414257898,NA,NA,0.9999999999999993,6.661338147750939e-16,0.0,5.8653880053123175e-19,0.0,0.83,lbfgsb:0:CONVERGENCE: REL_REDUCTION_OF_F_<=_FACTR*EPSMCH|active_set_polished,NA,NA,0,NA,0.6186864811051501,0.6272867614674718,0.9973159414257898,195.81030741080454,-0.00028424772577606626,False,11,True,True,1,3700031
exact_mu_eigendirection_ablation,svm,3700032,20000,100,0.005,polynomial,0.8,random,6.29396140837744,0.25652300304159853,246.10923815956525,31.801625961697173,1.0,1.5104264910950733,0.03180162596169717,154.4265026545031,1441.5204855338577,NA,0.6381376755448689,0.9977969287301365,NA,NA,0.9999999999999996,4.440892098500626e-16,0.0,4.383559697529117e-19,0.0,0.83,lbfgsb:0:CONVERGENCE: REL_REDUCTION_OF_F_<=_FACTR*EPSMCH|active_set_polished,NA,NA,0,NA,0.6381376755448689,0.6408914914707339,0.9977969287301365,197.48331932539367,-0.00027843621672021704,False,10,True,True,1,3700032
exact_mu_eigendirection_ablation,svm,3700033,20000,100,0.005,polynomial,0.8,random,6.29396140837744,0.24548133708115616,246.99296919318772,31.801625961697173,1.0,1.5104264910950733,0.03180162596169717,161.37255353570177,1448.8979032798495,NA,0.6749194761926857,0.9983974221443573,NA,NA,0.9999999999999994,5.551115123125783e-16,0.0,5.333004799665872e-19,0.0,0.86,lbfgsb:0:CONVERGENCE: REL_REDUCTION_OF_F_<=_FACTR*EPSMCH|active_set_polished,NA,NA,0,NA,0.6749194761926857,0.6753242140593385,0.9983974221443573,196.54140063888087,-0.00023160110084833227,False,9,True,True,1,3700033
exact_mu_eigendirection_ablation,svm,3700034,20000,100,0.005,polynomial,0.8,random,6.293961408377439,0.24292805797065287,246.10998986713145,31.801625961697173,1.0,1.5104264910950733,0.03180162596169717,163.0686489698531,1450.5680779719994,NA,0.6607477385580274,0.998521269108275,NA,NA,0.9999999999999996,4.440892098500626e-16,0.0,7.221138127602732e-19,2.0816681711721685e-17,0.86,lbfgsb:0:CONVERGENCE: REL_REDUCTION_OF_F_<=_FACTR*EPSMCH|active_set_polished,NA,NA,0,NA,0.6607477385580274,0.6610369440187364,0.998521269108275,199.34049035026538,-0.00027625461346908134,False,10,True,True,1,3700034
exact_mu_eigendirection_ablation,svm,3700035,20000,100,0.005,polynomial,0.8,random,6.29396140837744,0.24847611168794342,246.5600789362867,31.801625961697173,1.0,1.5104264910950733,0.03180162596169717,159.427600267244,1446.9216610275503,NA,0.6353694040946041,0.9989664260351204,NA,NA,0.9999999999999993,6.661338147750939e-16,0.0,6.292411713108967e-19,-6.938893903907228e-18,0.87,lbfgsb:0:CONVERGENCE: REL_REDUCTION_OF_F_<=_FACTR*EPSMCH|active_set_polished,NA,NA,0,NA,0.6353694040946041,0.635647583181417,0.9989664260351204,197.1147986112637,-0.00021553890347729304,False,8,True,True,1,3700035
exact_mu_eigendirection_ablation,svm,3700036,20000,100,0.005,polynomial,0.8,random,6.29396140837744,0.2540467079604284,245.04822154596314,31.801625961697173,1.0,1.5104264910950733,0.03180162596169717,155.9317596680489,1443.1966146078853,NA,0.6531390987037893,0.9993763001051876,NA,NA,0.9999999999999992,7.771561172376096e-16,0.0,7.259320402073956e-19,-6.938893903907228e-18,0.89,lbfgsb:0:CONVERGENCE: REL_REDUCTION_OF_F_<=_FACTR*EPSMCH|active_set_polished,NA,NA,0,NA,0.6531390987037893,0.6526903601029821,0.9993763001051876,196.85517954524136,-0.00020911722200831626,False,12,True,True,1,3700036
exact_mu_eigendirection_ablation,svm,3700037,20000,100,0.005,polynomial,0.8,random,6.293961408377439,0.25515047154406745,246.49834022825362,31.801625961697173,1.0,1.5104264910950733,0.03180162596169717,155.2572094827688,1442.451037903627,NA,0.647252317081924,0.9969416704775793,NA,NA,0.9999999999999996,4.440892098500626e-16,0.0,7.523934974131496e-19,6.938893903907228e-18,0.85,lbfgsb:0:CONVERGENCE: REL_REDUCTION_OF_F_<=_FACTR*EPSMCH|active_set_polished,NA,NA,0,NA,0.647252317081924,0.6465700523380367,0.9969416704775793,196.04071739061845,-0.0004468561443635198,False,10,True,True,1,3700037
exact_mu_eigendirection_ablation,svm,3700038,20000,100,0.005,polynomial,0.8,random,6.29396140837744,0.24322725323560673,247.55806627170986,31.801625961697173,1.0,1.5104264910950733,0.03180162596169717,162.8680572722322,1450.3730704824166,NA,0.6401053003824748,0.9991543858170749,NA,NA,0.9999999999999996,4.440892098500626e-16,0.0,4.883094775821079e-19,6.938893903907228e-18,0.89,lbfgsb:0:CONVERGENCE: REL_REDUCTION_OF_F_<=_FACTR*EPSMCH|active_set_polished,NA,NA,0,NA,0.6401053003824748,0.6415896587451343,0.9991543858170749,195.92228002458245,-0.00026525275321677243,False,9,True,True,1,3700038
exact_mu_eigendirection_ablation,svm,3700039,20000,100,0.005,polynomial,0.8,random,6.29396140837744,0.24469923172334074,247.5174937188445,31.801625961697173,1.0,1.5104264910950733,0.03180162596169717,161.88833095697018,1449.410946993726,NA,0.6593641888380597,0.9985807279190503,NA,NA,0.9999999999999994,5.551115123125783e-16,0.0,6.367393215316961e-19,0.0,0.86,lbfgsb:0:CONVERGENCE: REL_REDUCTION_OF_F_<=_FACTR*EPSMCH|active_set_polished,NA,NA,0,NA,0.6593641888380597,0.6633825399888449,0.9985807279190503,195.48031706534823,-0.00025335908107651593,False,11,True,True,1,3700039
exact_mu_eigendirection_ablation,svm,3700040,20000,100,0.005,polynomial,0.8,random,6.29396140837744,0.2558123169136895,246.8490254325914,31.801625961697173,1.0,1.5104264910950733,0.03180162596169717,154.85552333084172,1442.002791630968,NA,0.6300341112735082,0.9995035613591818,NA,NA,0.9999999999999996,4.440892098500626e-16,0.0,6.854679035775772e-19,-6.938893903907228e-18,0.84,lbfgsb:0:CONVERGENCE: REL_REDUCTION_OF_F_<=_FACTR*EPSMCH|active_set_polished,NA,NA,0,NA,0.6300341112735082,0.633662253847053,0.9995035613591818,198.5963237882571,-0.00014934331977082535,False,10,True,True,1,3700040
exact_mu_eigendirection_ablation,svm,3700041,20000,100,0.005,polynomial,0.8,random,6.293961408377439,0.27486088106888346,246.19644192586063,31.801625961697173,1.0,1.5104264910950733,0.03180162596169717,144.12363831511107,1428.7316022027474,NA,0.6183917687502285,0.998592928654944,NA,NA,0.9999999999999996,4.440892098500626e-16,0.0,5.638709797939169e-19,0.0,0.92,lbfgsb:0:CONVERGENCE: REL_REDUCTION_OF_F_<=_FACTR*EPSMCH|active_set_polished,NA,NA,0,NA,0.6183917687502285,0.6216307668948187,0.998592928654944,198.36157843713912,-0.00035305025154166357,False,10,True,True,1,3700041
exact_mu_eigendirection_ablation,svm,3700042,20000,100,0.005,polynomial,0.8,random,6.29396140837744,0.2517288432486373,246.48418926986784,31.801625961697173,1.0,1.5104264910950733,0.03180162596169717,157.36754556575417,1444.7542618073937,NA,0.6550906556862977,0.9976647268870696,NA,NA,0.9999999999999998,2.220446049250313e-16,0.0,6.673064358288023e-19,6.938893903907228e-18,0.85,lbfgsb:0:CONVERGENCE: REL_REDUCTION_OF_F_<=_FACTR*EPSMCH|active_set_polished,NA,NA,0,NA,0.6550906556862977,0.65732812861001,0.9976647268870696,198.62902417177764,-0.00036868808436289725,False,11,True,True,1,3700042
exact_mu_eigendirection_ablation,svm,3700043,20000,100,0.005,polynomial,0.8,random,6.293961408377439,0.24550630414451444,247.53139890712657,31.801625961697173,1.0,1.5104264910950733,0.03180162596169717,161.35614255683726,1448.8815044683572,NA,0.6646619702084847,0.9978720600510899,NA,NA,0.9999999999999993,6.661338147750939e-16,0.0,4.0933831841561736e-19,0.0,0.86,lbfgsb:0:CONVERGENCE: REL_REDUCTION_OF_F_<=_FACTR*EPSMCH|active_set_polished,NA,NA,0,NA,0.6646619702084847,0.6619726306059293,0.9978720600510899,197.48208012480313,-0.00032074817621217065,False,10,True,True,1,3700043
exact_mu_eigendirection_ablation,svm,3700044,20000,100,0.005,polynomial,0.8,random,6.29396140837744,0.24740962417889578,247.35521534821282,31.801625961697173,1.0,1.5104264910950733,0.03180162596169717,160.11483118983543,1447.6275606466827,NA,0.6433381163344655,0.9992045841558859,NA,NA,0.9999999999999992,7.771561172376096e-16,0.0,8.028066600937808e-19,-2.0816681711721685e-17,0.87,lbfgsb:0:CONVERGENCE: REL_REDUCTION_OF_F_<=_FACTR*EPSMCH|active_set_polished,NA,NA,0,NA,0.6433381163344655,0.644030089023966,0.9992045841558859,195.04466760211503,-0.00016024150046909302,False,10,True,True,1,3700044
exact_mu_eigendirection_ablation,svm,3700045,20000,100,0.005,polynomial,0.8,random,6.293961408377439,0.23913467758954693,246.39256148043538,31.801625961697173,1.0,1.5104264910950733,0.03180162596169717,165.65539807713827,1453.0241698348752,NA,0.6261221721040575,0.9989178699313122,NA,NA,0.9999999999999996,4.440892098500626e-16,0.0,5.204458114515243e-19,-6.938893903907228e-18,0.86,lbfgsb:0:CONVERGENCE: REL_REDUCTION_OF_F_<=_FACTR*EPSMCH|active_set_polished,NA,NA,0,NA,0.6261221721040575,0.6276313029562625,0.9989178699313122,199.21552394958888,-0.0002458613231155654,False,9,True,True,1,3700045
exact_mu_eigendirection_ablation,svm,3700046,20000,100,0.005,polynomial,0.8,random,6.29396140837744,0.26201974312276666,245.59634838564205,31.801625961697173,1.0,1.5104264910950733,0.03180162596169717,151.1868904916215,1437.756053284726,NA,0.6339781223222927,0.9989335190828031,NA,NA,0.9999999999999996,4.440892098500626e-16,0.0,6.498473258556005e-19,0.0,0.85,lbfgsb:0:CONVERGENCE: REL_REDUCTION_OF_F_<=_FACTR*EPSMCH|active_set_polished,NA,NA,0,NA,0.6339781223222927,0.6374479935805842,0.9989335190828031,197.22838310072598,-0.00035097020164606983,False,12,True,True,1,3700046
exact_mu_eigendirection_ablation,svm,3700047,20000,100,0.005,polynomial,0.8,random,6.29396140837744,0.24023372097759868,247.00419399953714,31.801625961697173,1.0,1.5104264910950733,0.03180162596169717,164.8975424804682,1452.3156992780644,NA,0.6198219087626058,0.9988416304887295,NA,NA,0.9999999999999997,3.3306690738754696e-16,0.0,7.69172435495065e-19,6.938893903907228e-18,0.83,lbfgsb:0:CONVERGENCE: REL_REDUCTION_OF_F_<=_FACTR*EPSMCH|active_set_polished,NA,NA,0,NA,0.6198219087626058,0.6219553151863808,0.9988416304887295,196.9064712465992,-0.00024513214832002674,False,15,True,True,1,3700047
exact_mu_eigendirection_ablation,svm,3700048,20000,100,0.005,polynomial,0.8,random,6.29396140837744,0.23760978779829567,245.89770274584936,31.801625961697173,1.0,1.5104264910950733,0.03180162596169717,166.71851179704925,1454.0029066561092,NA,0.6666002878047498,0.9989295762458946,NA,NA,0.9999999999999994,5.551115123125783e-16,0.0,5.463317662641131e-19,0.0,0.82,lbfgsb:0:CONVERGENCE: REL_REDUCTION_OF_F_<=_FACTR*EPSMCH|active_set_polished,NA,NA,0,NA,0.6666002878047498,0.6664139226536747,0.9989295762458946,198.6953936534648,-0.0002835621295762997,False,12,True,True,1,3700048
exact_mu_eigendirection_ablation,svm,3700049,20000,100,0.005,polynomial,0.8,random,6.29396140837744,0.2395507726604099,247.2396213886002,31.801625961697173,1.0,1.5104264910950733,0.03180162596169717,165.36765784638794,1452.7562455469204,NA,0.6326396992366281,0.9978606639155966,NA,NA,0.9999999999999993,6.661338147750939e-16,0.0,6.130105115910899e-19,-6.938893903907228e-18,0.88,lbfgsb:0:CONVERGENCE: REL_REDUCTION_OF_F_<=_FACTR*EPSMCH|active_set_polished,NA,NA,0,NA,0.6326396992366281,0.640412999906702,0.9978606639155966,197.85040902545418,-0.00038331907626745174,False,10,True,True,1,3700049
